inventoryid,productid,warehouseid,stocklevel,lastupdated
1,2962,2973,214,2020-07-14
2,1221,2238,528,2022-01-16
3,1555,2808,14,2021-04-15
4,1216,795,602,2022-12-07
5,970,2385,109,2020-08-05
6,2444,1101,71,2023-12-28
7,1843,1345,711,2023-03-18
8,98,72,125,2020-06-12
9,1141,2214,642,2023-09-30
10,2783,344,200,2021-04-30
11,143,2142,550,2022-09-16
12,2681,1489,43,2023-08-27
13,1487,2372,725,2021-02-18
14,2426,1515,355,2023-01-30
15,2681,1525,459,2023-12-02
16,67,1759,163,2022-05-30
17,1325,63,391,2022-05-29
18,1990,736,518,2021-03-07
19,2741,134,846,2020-06-24
20,1854,795,850,2020-05-17
21,1434,2921,229,2022-03-05
22,2959,590,736,2020-01-24
23,415,2036,554,2020-05-23
24,1419,557,714,2020-11-06
25,2532,2586,724,2022-06-26
26,1000,2325,461,2022-06-24
27,1044,1299,103,2020-08-16
28,1666,560,301,2020-08-28
29,933,276,244,2022-12-20
30,2582,1491,70,2022-10-02
31,574,1778,24,2022-02-13
32,998,1880,852,2023-06-13
33,2562,366,571,2023-07-10
34,481,511,789,2023-02-11
35,1392,1301,97,2023-01-24
36,396,3061,137,2023-10-21
37,1658,731,981,2020-04-03
38,1492,1618,515,2023-10-20
39,2863,693,989,2023-03-27
40,2818,2017,798,2020-12-28
41,2259,1535,139,2022-05-15
42,288,1933,446,2023-07-12
43,320,1987,156,2020-04-02
44,221,2602,280,2023-08-21
45,763,1523,180,2022-10-24
46,854,1339,981,2021-05-25
47,2343,1903,624,2021-07-30
48,359,2306,340,2023-01-26
49,222,2639,913,2023-07-06
50,747,1005,664,2022-04-04
51,1135,2872,980,2022-10-21
52,622,1606,50,2021-04-08
53,1645,1681,537,2022-03-31
54,330,273,136,2021-02-01
55,3097,1665,308,2023-05-30
56,342,1038,515,2021-02-18
57,1048,254,683,2020-12-24
58,2229,1309,576,2020-08-06
59,19,61,869,2021-09-25
60,2653,2099,495,2020-02-05
61,963,1573,273,2021-06-07
62,2654,2793,554,2021-04-21
63,3039,2814,285,2020-02-15
64,3098,3042,869,2023-02-15
65,2761,740,109,2020-08-10
66,2764,1306,903,2023-09-13
67,1854,2285,198,2023-01-07
68,773,770,60,2023-05-01
69,2069,3003,75,2023-07-25
70,780,2109,47,2020-06-08
71,2762,2409,240,2020-10-25
72,335,627,876,2020-07-30
73,414,1312,281,2023-05-17
74,130,1800,966,2021-04-08
75,443,1267,853,2020-06-11
76,1950,2041,512,2021-12-22
77,34,987,749,2021-12-26
78,393,1051,383,2023-01-13
79,758,1871,283,2020-03-07
80,1266,2889,517,2023-02-26
81,2436,2095,205,2021-02-16
82,1892,1423,530,2020-08-25
83,1976,816,375,2021-05-24
84,2962,714,463,2023-08-24
85,394,889,444,2020-09-04
86,1603,1142,251,2021-04-21
87,330,1563,866,2023-06-26
88,2953,3064,788,2023-02-24
89,197,431,990,2020-03-30
90,1779,2614,437,2020-09-03
91,1410,244,985,2022-03-07
92,400,430,93,2022-12-03
93,2763,2115,168,2020-07-19
94,1099,15,446,2022-04-08
95,1026,557,388,2023-12-19
96,1421,1159,707,2020-02-18
97,1577,701,426,2023-07-09
98,2755,1991,202,2023-10-14
99,573,1111,788,2023-02-27
100,1781,796,520,2022-05-07
101,2928,2564,826,2022-10-17
102,2730,2657,659,2023-05-19
103,1213,2782,225,2023-10-20
104,893,2880,715,2023-05-03
105,2988,275,464,2022-04-04
106,1241,2032,56,2020-10-12
107,280,1338,221,2022-07-01
108,710,571,4,2023-03-29
109,591,1121,924,2021-11-02
110,2186,2959,344,2022-05-07
111,821,223,588,2022-02-01
112,2075,758,305,2021-11-27
113,3017,2526,844,2022-12-04
114,1559,1670,594,2022-09-17
115,2855,866,589,2020-07-16
116,157,952,400,2022-08-20
117,2562,1179,987,2023-07-18
118,2154,2590,586,2020-09-08
119,11,2653,816,2021-08-21
120,1589,2450,458,2023-10-03
121,1055,248,894,2023-02-14
122,2492,379,327,2022-03-26
123,1259,1491,644,2023-02-23
124,894,330,113,2021-01-02
125,1654,2054,720,2021-05-08
126,2467,1303,457,2021-08-03
127,654,899,64,2021-03-24
128,3050,2606,521,2021-06-27
129,1678,1645,678,2022-07-18
130,2663,156,553,2023-11-14
131,171,1951,507,2023-10-08
132,659,1121,194,2023-04-30
133,1722,2770,73,2021-01-12
134,2021,814,972,2020-10-05
135,2331,2473,57,2023-05-02
136,134,2977,313,2021-08-21
137,1544,2054,836,2023-04-10
138,1934,194,567,2021-08-26
139,1597,2668,272,2021-02-21
140,1700,1269,29,2021-11-12
141,1751,1382,521,2023-03-13
142,3094,485,56,2022-10-17
143,2702,3079,629,2023-02-11
144,2114,2846,828,2020-11-07
145,271,871,263,2021-11-05
146,1675,2338,67,2022-11-16
147,2614,1776,949,2022-06-12
148,3081,2261,600,2021-06-11
149,3004,2686,963,2021-05-31
150,134,1960,499,2020-08-07
151,2079,1595,502,2022-11-19
152,2051,2356,880,2023-09-10
153,1527,1829,915,2023-07-13
154,855,2,14,2020-06-16
155,1701,2154,952,2021-04-02
156,2100,884,222,2021-05-11
157,2880,2585,487,2023-05-12
158,1917,1618,343,2020-09-27
159,2584,2681,182,2020-10-23
160,3040,118,109,2022-06-25
161,1664,188,995,2020-04-16
162,1726,2769,469,2023-06-14
163,2680,1004,648,2021-10-29
164,618,650,283,2022-07-12
165,2821,1320,527,2023-03-20
166,2527,2532,134,2022-06-12
167,303,2664,50,2023-06-02
168,195,2644,679,2022-06-06
169,1389,369,678,2023-01-08
170,1121,865,652,2020-12-08
171,311,915,941,2021-07-19
172,2958,1887,585,2021-08-29
173,2510,2342,738,2023-06-28
174,3033,2977,914,2021-03-06
175,482,1146,588,2022-05-07
176,1243,1679,214,2020-01-25
177,905,243,636,2020-07-01
178,1843,1366,484,2021-03-10
179,132,675,828,2020-06-16
180,946,2270,434,2022-04-27
181,897,701,1,2022-03-09
182,1453,1582,342,2021-08-10
183,961,413,256,2023-12-03
184,1446,133,14,2021-11-16
185,1416,149,93,2023-08-17
186,2236,1456,518,2021-11-10
187,512,2560,844,2022-12-17
188,802,2270,327,2022-12-30
189,2631,2252,449,2023-09-06
190,2429,1598,656,2020-07-16
191,457,1671,265,2020-06-29
192,860,1808,776,2022-07-08
193,891,2262,472,2022-07-01
194,2074,2832,448,2020-04-28
195,2322,1829,74,2021-02-28
196,460,2987,731,2022-06-30
197,2240,1076,494,2020-08-10
198,828,2969,132,2021-01-25
199,1147,678,315,2022-12-02
200,1274,2134,9,2020-08-14
201,1018,1505,528,2021-06-16
202,551,2890,698,2021-10-10
203,2596,1746,773,2022-05-11
204,2899,814,61,2021-04-08
205,12,2453,180,2020-03-26
206,2795,776,450,2020-02-21
207,2517,3044,472,2021-08-09
208,685,2735,482,2022-12-08
209,423,2028,91,2022-02-11
210,2211,169,823,2020-06-10
211,425,1416,219,2021-10-06
212,2677,3077,822,2022-09-04
213,3091,641,377,2022-06-05
214,536,117,693,2021-04-17
215,2904,1617,58,2022-01-12
216,1449,2564,684,2022-05-17
217,879,87,217,2021-02-12
218,2228,2232,607,2021-06-06
219,1916,1125,246,2020-07-29
220,1403,751,907,2020-01-15
221,1790,102,763,2020-02-12
222,69,225,418,2022-11-20
223,2560,2009,568,2020-05-26
224,1598,2836,959,2023-07-30
225,902,9,885,2021-10-02
226,1985,126,889,2022-12-16
227,874,2451,479,2023-02-18
228,1190,1866,515,2022-04-06
229,1596,2160,370,2023-02-16
230,1104,1814,324,2022-08-23
231,1165,2384,403,2022-11-20
232,445,1253,629,2021-09-05
233,1413,2954,524,2020-08-03
234,174,314,437,2020-01-22
235,1945,1564,320,2023-10-24
236,2841,1200,783,2021-04-21
237,892,2111,461,2022-04-02
238,2765,2828,743,2021-11-07
239,4,367,599,2023-02-28
240,1909,2957,429,2020-09-23
241,2666,1335,656,2022-10-01
242,578,396,503,2022-05-23
243,819,1454,363,2020-07-15
244,2706,2366,349,2020-05-22
245,2302,1857,51,2021-08-01
246,2183,2752,271,2023-06-05
247,2438,2936,133,2020-02-12
248,1623,1083,341,2022-11-01
249,1447,2404,488,2023-12-21
250,2469,2533,544,2022-05-02
251,1484,1305,115,2021-01-04
252,2883,1066,10,2023-02-04
253,1168,794,824,2022-02-17
254,1854,1111,157,2021-08-03
255,2327,3091,131,2020-05-10
256,1505,2419,733,2021-10-14
257,2621,2988,509,2021-05-24
258,1926,993,968,2020-10-26
259,495,2051,993,2022-04-24
260,1869,1973,96,2022-03-21
261,1584,2439,780,2022-10-19
262,2651,342,65,2020-05-10
263,988,2390,709,2023-01-21
264,2703,519,167,2022-11-29
265,874,2454,440,2021-02-19
266,2241,2743,843,2023-06-20
267,362,2755,906,2023-06-13
268,41,1817,765,2022-05-05
269,2557,5,821,2023-08-12
270,2633,1666,57,2023-07-04
271,2822,2757,790,2020-04-06
272,1593,213,495,2023-05-08
273,2799,1739,624,2020-02-19
274,1894,3052,424,2022-04-04
275,2481,3063,585,2022-04-04
276,2600,250,812,2023-07-08
277,936,2075,202,2020-12-12
278,552,1723,828,2020-08-12
279,64,511,529,2023-08-18
280,3055,763,239,2022-09-12
281,2437,2653,595,2020-03-20
282,2986,634,676,2021-02-10
283,1098,2556,879,2022-09-28
284,247,267,398,2020-01-10
285,290,1133,577,2023-02-10
286,2440,989,679,2022-08-21
287,332,526,683,2022-08-05
288,1567,2503,46,2023-05-03
289,2009,1904,550,2020-08-24
290,2741,1530,754,2022-10-03
291,1720,2213,836,2022-06-30
292,1738,1660,692,2022-08-15
293,1594,1201,586,2023-08-01
294,2555,1869,985,2020-11-07
295,1762,994,195,2021-03-02
296,1681,1308,250,2020-03-24
297,603,1302,999,2023-01-23
298,1316,1826,951,2020-03-26
299,427,483,466,2023-11-05
300,698,1475,304,2020-05-06
301,2773,2785,937,2020-12-02
302,1877,2573,135,2020-07-01
303,413,271,133,2020-01-02
304,1548,262,794,2020-01-11
305,2358,99,105,2021-08-15
306,1444,861,499,2022-06-28
307,967,2783,242,2022-03-30
308,2727,526,980,2022-06-03
309,2310,2865,971,2020-07-24
310,2517,2042,243,2022-03-19
311,2676,1257,601,2021-02-13
312,3043,433,656,2022-11-08
313,378,467,806,2021-12-03
314,1980,1576,373,2020-07-19
315,1902,1685,127,2022-09-07
316,2142,1929,883,2020-09-03
317,2183,1285,434,2023-10-28
318,982,2448,255,2021-05-19
319,743,136,263,2023-11-24
320,816,1499,954,2020-05-16
321,2102,1529,295,2021-09-18
322,1289,867,466,2021-12-12
323,2553,589,373,2021-12-27
324,2655,2223,853,2023-05-10
325,1798,2142,209,2023-05-31
326,2038,2440,847,2021-12-18
327,6,1543,671,2022-02-19
328,1670,3068,33,2020-01-21
329,3075,2944,645,2020-12-25
330,3040,969,988,2022-02-18
331,1449,2612,3,2020-03-12
332,1017,3,560,2023-05-03
333,2733,3030,454,2020-11-08
334,1137,2083,533,2023-11-19
335,440,2109,233,2020-03-08
336,656,1936,602,2021-04-09
337,430,933,23,2021-05-16
338,2716,2052,286,2020-12-09
339,439,2596,126,2023-09-04
340,1939,2492,261,2022-09-10
341,1665,2971,35,2023-09-09
342,2975,2895,576,2020-02-08
343,2095,1202,400,2023-09-14
344,2108,631,733,2022-12-27
345,2479,1536,702,2020-06-30
346,88,1352,275,2023-04-27
347,1794,1775,301,2021-07-22
348,2826,919,362,2023-07-13
349,117,1058,922,2022-02-26
350,888,2382,718,2022-12-14
351,139,1962,725,2020-10-13
352,3008,2029,154,2023-02-07
353,773,579,587,2022-12-16
354,1952,1332,746,2023-01-23
355,1752,2501,204,2021-10-29
356,432,3056,377,2022-02-06
357,127,1749,73,2022-11-24
358,2856,2099,279,2021-07-18
359,2200,630,289,2022-11-07
360,1984,1287,523,2023-04-14
361,847,2230,132,2021-04-29
362,2094,2352,772,2022-06-05
363,2008,2152,522,2023-09-24
364,3092,2032,156,2021-09-10
365,439,2034,592,2021-01-30
366,2429,2466,699,2022-09-20
367,819,1342,667,2021-05-25
368,1903,1056,680,2022-10-04
369,1308,2021,952,2023-05-13
370,275,3035,384,2021-11-27
371,3070,1751,845,2022-05-19
372,3049,92,432,2021-04-27
373,2187,3022,749,2020-11-22
374,1823,1259,600,2022-03-18
375,2391,1227,212,2023-04-18
376,2259,1404,510,2021-06-02
377,970,358,198,2021-05-13
378,989,1472,596,2021-12-20
379,2345,719,596,2023-06-17
380,2145,1085,433,2021-11-22
381,520,1241,674,2021-11-28
382,3031,1152,832,2020-06-10
383,806,2994,604,2022-04-03
384,2904,327,296,2023-02-19
385,636,648,770,2023-02-10
386,2869,2872,719,2021-08-10
387,562,1224,253,2020-11-09
388,304,946,400,2022-12-10
389,1007,202,362,2023-03-30
390,63,3076,766,2021-01-16
391,2847,199,710,2022-07-13
392,2405,2881,183,2020-07-04
393,1590,3057,461,2021-12-04
394,2444,2020,449,2020-08-18
395,3098,1667,776,2020-08-11
396,619,3097,893,2023-05-27
397,2350,124,825,2022-12-14
398,2126,1425,260,2023-07-04
399,1503,1400,517,2021-07-10
400,1412,2042,323,2020-08-01
401,2845,2206,4,2022-02-21
402,992,1726,513,2020-08-13
403,1677,1342,777,2022-01-13
404,2337,2987,647,2022-10-02
405,2767,1694,718,2021-06-12
406,121,2429,757,2023-06-19
407,549,136,137,2020-10-24
408,595,2730,677,2023-06-24
409,169,1936,904,2021-09-06
410,529,2272,756,2020-12-14
411,1247,2254,717,2023-09-25
412,2896,1616,604,2022-01-22
413,763,2351,246,2020-12-09
414,172,828,607,2021-01-31
415,613,1767,178,2020-04-24
416,1201,2416,714,2023-01-07
417,80,384,446,2022-08-13
418,1409,3068,574,2023-04-26
419,324,2892,853,2022-03-06
420,726,3047,910,2020-12-17
421,502,3084,914,2020-02-10
422,1356,1776,398,2020-05-26
423,2474,1205,299,2023-06-13
424,1127,1039,407,2020-07-04
425,2126,2969,26,2023-05-01
426,3083,328,457,2021-12-10
427,1892,1669,516,2020-06-27
428,2743,1044,158,2023-07-28
429,2135,1175,507,2020-09-16
430,444,2677,55,2021-09-13
431,2523,2734,196,2021-03-31
432,2829,2298,758,2021-04-26
433,496,1751,794,2020-12-13
434,2836,340,327,2022-01-18
435,1268,1843,548,2020-10-15
436,3002,1615,162,2020-04-25
437,2540,2599,252,2021-06-18
438,1790,2403,901,2022-07-09
439,2290,1208,568,2020-11-05
440,1728,74,290,2023-11-16
441,2054,2215,306,2023-02-13
442,133,208,461,2021-10-31
443,2609,1257,408,2020-06-10
444,936,2709,282,2021-01-12
445,187,1799,311,2022-04-26
446,1792,1997,394,2021-08-31
447,1892,692,674,2022-03-01
448,2965,17,455,2021-04-26
449,1315,1438,958,2023-11-22
450,2002,2406,572,2022-09-03
451,1124,1815,238,2022-05-21
452,2161,2029,448,2023-04-13
453,2493,21,170,2022-09-23
454,930,1103,617,2022-06-29
455,878,2652,605,2021-08-22
456,158,552,52,2021-10-24
457,531,2574,196,2022-09-19
458,1726,456,51,2020-08-19
459,280,1574,710,2021-10-30
460,2583,2881,569,2023-07-14
461,2817,630,540,2022-01-15
462,2312,2460,695,2020-12-06
463,2351,2411,899,2023-05-28
464,1532,1969,490,2020-06-26
465,2287,207,898,2020-01-20
466,1115,2139,331,2022-09-21
467,865,2170,42,2022-09-06
468,1020,1595,294,2023-09-08
469,1662,1734,200,2020-01-25
470,2150,1448,678,2023-01-04
471,289,2710,762,2023-04-15
472,1264,1311,562,2021-04-08
473,2540,1830,784,2022-09-21
474,1562,2554,156,2020-10-26
475,1476,1645,189,2022-07-30
476,2,763,41,2020-08-17
477,2329,1083,159,2022-02-19
478,1091,938,44,2021-06-15
479,343,405,289,2020-03-01
480,528,2652,964,2022-02-21
481,1250,1380,935,2021-09-20
482,433,1418,376,2021-07-10
483,2095,1720,687,2021-07-14
484,656,1382,5,2020-08-11
485,2153,510,879,2020-01-01
486,1508,1266,23,2022-01-28
487,1517,2537,613,2020-11-14
488,690,1344,61,2022-08-28
489,856,3043,872,2022-03-24
490,591,2516,579,2022-10-12
491,1111,2197,683,2020-08-22
492,2228,2709,436,2022-05-12
493,2883,968,361,2021-03-20
494,347,1864,587,2020-04-14
495,592,1340,966,2021-10-13
496,1922,2278,584,2022-12-23
497,2538,406,643,2023-02-23
498,1862,330,85,2023-10-31
499,3024,2323,876,2020-02-20
500,1148,2259,149,2020-11-06
501,2780,1019,855,2022-06-05
502,2162,2069,98,2021-08-05
503,3096,2801,665,2020-01-10
504,212,2596,729,2020-11-05
505,831,1197,948,2023-07-05
506,2856,1931,469,2021-09-24
507,55,2717,390,2020-05-13
508,2944,3063,687,2022-03-08
509,809,1857,242,2023-01-02
510,2803,1013,979,2020-10-01
511,2647,2373,313,2021-05-13
512,493,166,372,2020-12-04
513,2088,2337,955,2023-09-28
514,307,36,577,2022-01-30
515,843,2564,965,2020-09-28
516,1168,280,456,2021-11-14
517,19,2912,444,2020-08-21
518,1178,1454,999,2022-03-29
519,2178,2483,190,2020-11-02
520,2602,2533,113,2022-07-19
521,2505,156,712,2022-04-26
522,374,1128,787,2021-06-15
523,2005,738,649,2021-03-12
524,2024,762,220,2023-01-30
525,1206,1422,51,2022-12-26
526,2312,2361,167,2022-08-11
527,580,2894,775,2021-07-10
528,1318,1305,585,2020-01-13
529,1637,1283,399,2022-06-16
530,1525,131,8,2022-10-03
531,940,1836,222,2021-10-09
532,531,585,796,2023-07-15
533,2658,1066,973,2023-09-16
534,222,2454,309,2022-08-09
535,1766,2937,750,2020-01-31
536,8,2530,224,2022-10-24
537,1504,679,600,2021-05-30
538,1672,2655,332,2020-08-04
539,1641,862,802,2021-08-21
540,1116,311,281,2020-06-20
541,104,2397,727,2021-12-21
542,423,1202,910,2022-03-25
543,1771,2270,774,2020-07-01
544,640,543,368,2021-07-07
545,272,1633,787,2023-10-11
546,1912,1748,129,2020-10-04
547,2462,1595,871,2022-11-08
548,762,2850,200,2023-07-15
549,2769,424,101,2022-11-24
550,1122,2374,307,2022-02-09
551,2125,2612,405,2022-02-26
552,2510,1162,259,2023-09-27
553,2397,2387,450,2020-10-05
554,1052,1849,492,2021-07-24
555,1413,487,739,2020-03-05
556,1874,2910,492,2020-05-05
557,2574,2274,307,2021-11-05
558,1076,759,421,2022-09-17
559,554,727,223,2023-12-03
560,1011,2400,619,2022-06-04
561,130,695,415,2023-06-26
562,61,248,597,2021-09-18
563,1569,1374,626,2021-05-24
564,736,1172,322,2023-04-29
565,1475,497,235,2022-11-28
566,512,307,937,2021-12-22
567,3033,778,405,2021-11-08
568,1610,1542,628,2020-04-11
569,2092,980,53,2022-08-19
570,87,2364,967,2023-12-16
571,2503,328,330,2020-05-05
572,171,314,332,2021-01-11
573,484,1938,410,2023-11-26
574,2540,702,31,2023-08-04
575,2981,2957,160,2022-01-16
576,510,193,43,2020-09-08
577,817,2306,330,2023-02-14
578,2627,893,781,2022-02-14
579,2416,2682,966,2022-04-11
580,2030,898,985,2023-09-11
581,568,100,438,2021-03-31
582,2174,1672,402,2020-02-22
583,2700,286,314,2022-10-29
584,684,583,492,2020-03-11
585,3079,175,351,2023-08-15
586,1228,251,796,2021-12-17
587,742,1430,592,2020-07-20
588,672,2132,749,2020-07-19
589,2867,1126,214,2020-09-02
590,1671,2992,311,2023-06-23
591,2642,64,951,2023-08-18
592,1591,600,872,2021-10-12
593,1427,1463,726,2020-08-19
594,23,1455,589,2022-12-24
595,377,1209,634,2022-05-11
596,201,141,731,2023-09-23
597,796,304,270,2021-09-04
598,2692,2940,822,2020-06-11
599,2709,2521,11,2021-12-20
600,1413,2860,863,2022-01-04
601,58,1762,291,2023-12-20
602,2334,842,75,2021-07-04
603,2064,2415,64,2021-10-23
604,1433,3043,274,2020-12-12
605,820,1873,263,2023-04-28
606,764,212,404,2021-10-25
607,771,939,658,2022-04-21
608,2483,1,808,2022-01-11
609,1800,1182,174,2020-05-04
610,322,2136,101,2020-04-19
611,2596,1504,106,2022-09-07
612,1471,747,766,2020-11-25
613,1115,3066,492,2023-06-20
614,489,1286,924,2023-09-22
615,2090,801,451,2023-01-17
616,1931,2468,686,2021-09-12
617,1841,1701,491,2022-07-15
618,711,142,715,2022-10-22
619,603,3073,927,2023-01-26
620,2801,472,572,2023-07-27
621,792,1616,950,2021-04-09
622,1425,1783,364,2020-09-24
623,2759,337,113,2020-03-19
624,85,2984,476,2023-12-26
625,189,2380,657,2021-05-22
626,568,1496,418,2022-03-03
627,109,311,357,2020-03-26
628,2793,482,671,2022-03-23
629,2212,3084,437,2020-07-26
630,3073,2712,734,2023-05-11
631,775,96,479,2020-05-28
632,463,444,553,2021-12-26
633,906,335,982,2022-04-15
634,774,1205,884,2022-05-09
635,339,244,395,2022-09-03
636,1722,1848,252,2022-10-10
637,1956,1830,63,2021-08-23
638,551,2780,6,2021-02-05
639,2479,659,279,2021-11-20
640,2664,2186,302,2022-12-02
641,1958,477,185,2022-04-24
642,1288,1969,712,2020-12-28
643,845,1416,253,2022-05-23
644,2802,2940,249,2020-10-18
645,2612,1686,666,2021-09-03
646,389,451,829,2023-07-17
647,2167,2737,463,2020-12-12
648,1652,1725,748,2021-12-19
649,1208,2020,682,2020-05-22
650,2908,1971,140,2021-10-30
651,1376,1110,654,2020-12-24
652,522,2224,646,2022-02-19
653,2283,2262,716,2023-02-12
654,1048,2676,662,2021-12-15
655,1921,629,520,2022-04-23
656,2803,2311,968,2023-10-22
657,1117,1047,150,2022-12-04
658,2234,1756,236,2022-03-20
659,2618,2226,426,2021-05-10
660,2987,827,687,2021-06-19
661,2053,2715,275,2020-03-20
662,3063,2568,938,2023-09-05
663,2766,1969,900,2020-06-13
664,667,1346,49,2023-12-24
665,545,1420,932,2020-09-22
666,702,2683,41,2023-08-22
667,681,2107,32,2022-06-17
668,786,854,261,2021-05-15
669,2922,729,69,2023-10-23
670,1554,214,256,2020-06-04
671,1026,2117,362,2022-03-21
672,362,3011,746,2021-06-13
673,1482,882,465,2021-08-24
674,2378,3070,274,2022-05-31
675,1736,2855,97,2022-06-22
676,1880,1268,57,2020-11-10
677,661,1749,719,2021-06-23
678,2366,1143,57,2022-02-06
679,733,2394,991,2022-06-22
680,2957,1707,451,2023-03-31
681,2673,2035,507,2021-03-15
682,1014,120,849,2022-06-16
683,2902,748,592,2021-07-18
684,1721,1554,755,2021-01-20
685,258,1256,104,2023-03-17
686,360,2370,141,2020-01-08
687,54,1154,800,2022-02-17
688,2719,1349,585,2020-01-25
689,1888,1876,664,2023-03-08
690,540,1216,373,2021-06-05
691,1423,169,112,2020-03-03
692,1081,1603,278,2022-11-12
693,2283,312,589,2023-10-10
694,2664,3088,703,2022-02-08
695,246,1389,504,2022-12-02
696,548,1863,700,2023-07-25
697,934,2573,903,2022-01-27
698,1361,2094,357,2023-02-25
699,2723,1479,787,2020-08-12
700,156,1406,427,2022-01-12
701,1599,2302,216,2022-11-01
702,726,544,127,2021-05-20
703,944,1124,843,2021-04-06
704,2191,1683,477,2023-03-13
705,828,968,437,2021-06-04
706,502,2182,271,2022-09-29
707,1680,72,671,2023-11-23
708,3097,451,274,2023-01-16
709,1077,2056,904,2022-01-25
710,2227,1682,694,2022-11-28
711,2219,364,993,2021-11-06
712,245,256,15,2021-09-28
713,596,2517,365,2022-07-11
714,1471,2783,775,2023-03-23
715,1247,2094,764,2023-08-05
716,2871,2707,353,2021-06-06
717,1027,1368,26,2023-02-13
718,2974,760,474,2021-08-20
719,144,209,673,2020-06-19
720,1179,412,336,2021-09-11
721,1937,2490,172,2023-01-22
722,1548,476,609,2023-09-18
723,593,1768,646,2021-07-08
724,2028,1263,28,2020-08-30
725,483,2147,525,2020-11-10
726,2813,884,277,2023-04-23
727,731,2340,504,2023-04-23
728,2092,290,901,2020-06-08
729,89,1903,441,2022-09-22
730,2336,2574,796,2022-10-24
731,1430,2544,238,2020-08-13
732,560,2696,500,2020-10-28
733,3017,2146,870,2020-12-09
734,1614,1728,631,2020-04-12
735,2838,1921,691,2021-05-10
736,1969,2118,979,2021-05-11
737,2188,2979,431,2021-09-04
738,1545,1502,346,2023-08-15
739,1124,392,34,2022-05-16
740,1472,1034,694,2021-05-09
741,1498,1234,253,2020-03-21
742,26,2734,488,2022-06-21
743,1405,2930,847,2020-02-03
744,2681,1570,340,2022-10-30
745,537,282,887,2021-04-24
746,1586,2517,327,2020-10-24
747,2034,1378,1,2023-01-10
748,535,1619,230,2022-08-09
749,333,2334,67,2020-07-25
750,1883,2229,881,2023-06-21
751,2007,724,155,2020-02-12
752,502,1874,920,2020-01-28
753,634,1059,623,2021-09-23
754,1441,2850,938,2022-01-31
755,1013,1140,803,2021-01-18
756,2694,2954,314,2022-02-27
757,1311,1705,432,2023-12-07
758,1767,1747,786,2021-04-13
759,1240,1761,78,2021-09-15
760,3068,805,868,2021-03-15
761,489,425,882,2023-08-04
762,2351,2335,401,2020-09-24
763,2602,977,608,2022-02-16
764,718,2031,89,2023-11-26
765,1821,2370,603,2022-01-05
766,541,3056,719,2023-06-11
767,515,472,552,2020-07-06
768,1110,184,620,2021-02-05
769,2664,2338,1000,2020-07-09
770,2307,1554,668,2023-05-15
771,2960,877,276,2021-03-07
772,1489,2716,357,2021-08-19
773,2958,447,966,2022-01-31
774,2888,1386,963,2021-04-15
775,2625,551,919,2023-05-29
776,1294,1955,183,2020-11-22
777,520,1407,774,2021-10-26
778,2534,1306,341,2023-07-17
779,679,2023,438,2020-12-19
780,351,2255,479,2022-02-20
781,1597,2892,608,2022-12-05
782,780,1415,316,2022-07-16
783,1579,1084,10,2020-05-07
784,828,773,185,2022-01-14
785,2075,1586,254,2021-09-22
786,1538,116,77,2021-05-06
787,2019,2091,153,2020-07-21
788,1177,2312,108,2022-11-23
789,1990,2237,254,2020-12-07
790,2507,529,565,2020-10-26
791,2282,2543,253,2020-06-01
792,2299,1677,611,2022-07-28
793,845,596,950,2020-02-06
794,635,2528,752,2020-12-24
795,2848,1216,229,2020-07-29
796,1045,2559,596,2020-04-30
797,367,3070,267,2021-02-24
798,2453,2067,513,2023-12-12
799,642,1394,239,2020-08-20
800,1261,291,212,2021-04-20
801,2696,1449,536,2020-09-30
802,1610,2492,53,2021-10-12
803,1422,1796,263,2022-07-15
804,765,1967,923,2023-08-31
805,2615,1481,460,2023-05-03
806,2011,1481,623,2023-06-09
807,1516,1651,433,2020-12-28
808,2954,931,329,2021-05-23
809,2,2605,876,2020-12-31
810,1018,1977,721,2023-03-22
811,3089,2739,372,2020-09-27
812,239,535,317,2020-03-01
813,2650,824,836,2020-03-08
814,1937,1208,179,2022-04-29
815,1679,2568,503,2021-06-03
816,919,1072,608,2023-01-02
817,170,461,625,2021-12-08
818,537,2953,100,2021-03-05
819,1982,3009,113,2022-10-25
820,2393,999,121,2020-12-22
821,2654,324,666,2023-10-29
822,54,2291,19,2022-12-21
823,1742,1627,778,2020-03-26
824,771,284,930,2023-08-29
825,2299,113,31,2021-12-23
826,265,2992,573,2020-09-11
827,895,2148,770,2023-06-29
828,924,2278,579,2022-08-22
829,1667,1213,766,2023-05-16
830,1642,2741,245,2022-01-29
831,426,1961,455,2021-07-29
832,2384,1039,447,2022-03-27
833,154,913,581,2020-10-16
834,2516,543,68,2021-07-10
835,2822,1666,450,2022-12-28
836,683,1450,515,2022-06-06
837,167,2131,842,2021-09-13
838,2804,2492,520,2022-09-03
839,2520,1548,968,2022-05-22
840,1654,1500,821,2021-02-18
841,305,85,231,2021-12-12
842,273,1288,27,2022-08-04
843,1268,1229,886,2020-04-14
844,2486,1989,185,2023-08-24
845,342,349,869,2022-07-12
846,715,745,904,2021-08-08
847,1791,1569,847,2022-09-12
848,2710,1494,341,2020-08-16
849,2905,1286,95,2021-11-12
850,1690,962,173,2022-03-21
851,2849,1807,820,2020-11-27
852,648,1104,147,2021-08-21
853,465,1538,82,2022-10-01
854,753,2251,706,2022-07-17
855,1207,1390,408,2023-09-30
856,1491,2311,130,2023-07-10
857,2136,2403,778,2021-11-17
858,157,893,411,2021-07-15
859,1347,2017,434,2020-01-26
860,2140,1393,351,2021-04-12
861,437,924,384,2020-05-19
862,664,1536,109,2023-04-29
863,243,3,115,2020-01-15
864,1110,1450,952,2020-08-11
865,1326,1592,292,2020-11-28
866,2525,1480,22,2020-07-22
867,2221,345,33,2020-09-16
868,2449,2625,868,2023-12-28
869,2139,2903,619,2020-12-06
870,654,31,570,2022-07-01
871,871,3033,30,2021-01-05
872,544,894,519,2021-01-29
873,2683,1858,188,2023-12-09
874,1085,1288,49,2022-12-14
875,1594,236,594,2023-04-01
876,1769,2311,135,2023-08-07
877,2705,757,652,2021-10-26
878,1592,2113,758,2020-02-27
879,1850,1136,322,2022-08-29
880,263,3048,993,2023-11-29
881,2794,1268,666,2023-05-25
882,2674,1721,623,2022-06-06
883,1368,290,757,2023-06-30
884,2430,2074,590,2023-10-12
885,762,2462,699,2021-10-08
886,480,2598,331,2022-01-26
887,2878,416,701,2022-03-24
888,399,1264,538,2021-04-06
889,2288,899,176,2022-09-11
890,339,1333,608,2021-11-10
891,1666,2216,538,2023-10-20
892,1333,2385,110,2022-01-10
893,1346,3092,851,2023-04-12
894,106,285,292,2020-02-26
895,815,2550,371,2022-10-25
896,2165,1244,578,2022-04-20
897,1941,2064,52,2022-09-04
898,916,1785,84,2022-12-01
899,850,2664,806,2023-09-10
900,339,1950,594,2021-03-20
901,878,1168,96,2023-08-05
902,2883,2402,631,2020-06-29
903,1168,2969,301,2020-05-09
904,3041,3041,863,2021-05-17
905,1423,912,636,2023-11-13
906,406,1183,560,2023-01-25
907,1156,75,841,2021-12-21
908,208,2782,88,2020-12-13
909,2813,2480,235,2020-03-08
910,1586,1284,574,2021-01-25
911,150,349,6,2020-07-21
912,1305,660,475,2020-12-11
913,1026,524,20,2020-06-02
914,2943,3090,285,2023-12-06
915,769,1965,634,2021-06-04
916,188,176,911,2023-05-27
917,2775,320,313,2023-02-07
918,1422,41,18,2021-08-29
919,2388,1885,1,2022-07-15
920,497,2556,625,2023-05-22
921,1399,726,74,2023-12-15
922,728,2957,986,2022-07-13
923,979,631,849,2022-11-10
924,82,2203,83,2023-09-30
925,2429,1529,888,2020-09-29
926,2326,930,561,2020-08-13
927,1555,2857,427,2022-09-20
928,2797,2810,199,2022-07-21
929,3013,525,992,2020-03-14
930,2947,2145,106,2021-11-12
931,198,1221,897,2023-02-03
932,1104,483,201,2023-01-25
933,2565,2260,387,2023-01-31
934,1048,3060,813,2021-11-13
935,1503,792,946,2023-01-01
936,2052,1332,837,2022-12-06
937,2958,2465,420,2021-11-10
938,2249,2350,699,2022-04-01
939,488,2329,373,2020-10-30
940,818,1747,441,2022-02-13
941,9,333,758,2022-07-07
942,1691,1183,818,2021-01-20
943,721,1507,776,2021-08-28
944,578,1941,251,2020-09-04
945,103,1188,990,2022-12-26
946,2273,1536,731,2020-01-31
947,2966,1002,276,2022-08-04
948,765,2507,316,2022-03-02
949,1373,2909,345,2022-08-17
950,2700,2671,256,2020-05-31
951,45,196,938,2022-09-16
952,2611,1472,776,2020-06-24
953,429,2119,630,2022-01-12
954,21,242,262,2022-06-06
955,2912,823,577,2022-07-22
956,1403,2183,176,2021-06-29
957,1469,110,679,2023-06-06
958,3028,519,532,2020-08-07
959,2090,697,508,2023-06-27
960,1234,1365,978,2020-01-23
961,271,1495,965,2022-06-23
962,2956,1674,939,2022-10-03
963,359,1708,116,2022-02-21
964,1798,776,235,2020-12-12
965,1856,1299,24,2023-04-19
966,3086,3031,115,2021-02-23
967,2868,2070,444,2023-02-13
968,2306,1652,683,2023-11-27
969,2102,1383,873,2020-07-10
970,1551,547,886,2020-03-01
971,2717,2591,207,2021-05-02
972,1522,526,394,2021-03-01
973,2130,2303,891,2023-06-07
974,2936,2753,15,2020-11-10
975,1888,11,916,2020-05-11
976,2516,2036,423,2023-09-10
977,1074,256,188,2021-02-19
978,160,1974,224,2021-10-04
979,623,967,69,2021-08-15
980,599,2916,702,2022-12-22
981,2459,797,430,2022-04-25
982,2117,1788,151,2023-09-10
983,1089,1093,843,2023-06-26
984,1702,1563,930,2022-03-13
985,1747,2811,619,2022-03-04
986,2064,1154,907,2023-12-02
987,431,2578,309,2021-03-23
988,2275,1675,724,2020-12-06
989,314,97,669,2022-08-19
990,2804,1807,718,2022-03-25
991,420,2575,318,2021-08-28
992,1511,1754,454,2023-11-24
993,1011,1863,351,2021-11-11
994,1716,710,666,2021-06-28
995,2506,2500,598,2023-05-30
996,1845,2781,52,2022-06-29
997,996,2328,794,2021-02-11
998,2218,1264,588,2023-08-07
999,607,2648,88,2021-04-17
1000,440,1092,196,2021-04-13
1001,2632,1087,132,2020-08-06
1002,2794,1061,134,2022-09-21
1003,2127,2816,91,2022-10-16
1004,2566,2895,415,2023-08-18
1005,3097,639,334,2021-11-13
1006,2677,1120,115,2023-03-04
1007,1702,2687,816,2021-09-14
1008,2496,2215,548,2020-09-17
1009,2392,2216,943,2020-04-02
1010,733,2550,219,2021-03-08
1011,2680,803,90,2020-10-09
1012,894,2995,216,2022-10-12
1013,1258,459,790,2023-07-06
1014,444,1126,647,2022-12-31
1015,2415,1477,692,2020-01-26
1016,1581,1249,320,2020-12-11
1017,2703,1075,443,2020-11-07
1018,1675,2035,756,2023-03-15
1019,1502,538,166,2022-04-23
1020,378,1910,958,2020-03-17
1021,158,585,308,2021-08-30
1022,950,529,769,2021-06-05
1023,2358,1947,14,2021-02-11
1024,1292,2439,450,2021-01-18
1025,1925,2053,522,2022-05-11
1026,1609,1835,249,2023-08-06
1027,2008,2259,295,2020-12-06
1028,2909,38,928,2022-08-23
1029,2770,880,999,2021-11-24
1030,1954,2867,226,2020-01-02
1031,1833,2345,730,2021-02-17
1032,698,2758,683,2021-09-21
1033,845,1031,489,2022-04-29
1034,1850,1729,616,2023-10-12
1035,1286,2991,422,2021-06-13
1036,1562,3017,971,2023-06-20
1037,1009,539,645,2021-01-04
1038,1455,1254,803,2022-05-03
1039,225,671,434,2021-04-02
1040,2445,12,599,2023-01-23
1041,2288,730,938,2021-09-04
1042,1537,1493,571,2021-02-24
1043,2720,1366,337,2023-03-20
1044,929,1049,629,2022-03-15
1045,173,881,799,2023-09-14
1046,2746,1167,619,2023-04-06
1047,1745,189,814,2022-08-10
1048,1100,2161,492,2021-12-10
1049,1310,1055,916,2023-02-28
1050,126,1425,38,2023-08-29
1051,1468,1224,975,2023-12-29
1052,2718,1263,382,2022-06-21
1053,614,2185,223,2022-11-05
1054,2744,1515,201,2021-08-18
1055,479,2058,76,2023-06-10
1056,962,1112,612,2022-09-26
1057,230,139,37,2020-12-15
1058,2460,261,264,2022-04-02
1059,324,1916,132,2021-04-11
1060,2337,1211,670,2022-02-02
1061,718,714,447,2023-04-16
1062,773,134,52,2021-12-16
1063,410,777,451,2020-04-17
1064,2338,1873,180,2023-07-18
1065,1034,951,508,2023-10-15
1066,1944,1986,804,2022-06-24
1067,262,1601,413,2023-07-31
1068,1263,2426,554,2020-05-12
1069,538,66,445,2020-06-15
1070,2470,1298,199,2021-09-01
1071,876,553,911,2022-06-09
1072,1444,1904,662,2021-08-24
1073,2223,3045,694,2020-03-17
1074,393,1269,886,2022-03-20
1075,2744,2147,644,2020-04-22
1076,1605,2132,755,2022-09-19
1077,2280,1649,372,2022-04-12
1078,1804,492,603,2023-10-21
1079,2132,941,396,2021-01-02
1080,745,2352,786,2022-09-23
1081,1112,2500,672,2021-07-24
1082,66,434,708,2021-05-04
1083,2580,1928,421,2022-12-20
1084,1119,1908,833,2020-10-06
1085,2459,202,626,2021-10-10
1086,1623,3013,146,2022-01-23
1087,2540,2332,962,2021-09-12
1088,2366,262,126,2021-07-18
1089,473,548,124,2023-10-04
1090,1911,852,213,2021-02-07
1091,1741,101,116,2021-12-13
1092,2949,132,678,2022-08-25
1093,2285,959,304,2023-12-24
1094,830,2814,367,2021-12-02
1095,1213,2767,110,2021-10-31
1096,2795,531,315,2020-09-20
1097,1608,3031,919,2020-08-31
1098,1092,2504,562,2023-09-03
1099,1445,2002,457,2021-03-12
1100,2412,2715,402,2023-05-09
1101,936,2272,862,2020-08-25
1102,2046,809,489,2022-09-03
1103,1261,1845,346,2020-03-01
1104,2811,1334,683,2022-01-29
1105,101,3006,890,2021-11-02
1106,52,1113,465,2021-11-11
1107,377,2108,991,2022-01-08
1108,1984,1942,623,2022-09-27
1109,1689,544,679,2022-03-31
1110,2993,103,67,2020-08-15
1111,2206,2780,873,2020-07-28
1112,764,1945,978,2021-10-31
1113,3033,1062,9,2021-02-28
1114,695,1257,321,2022-10-22
1115,2462,2136,16,2020-12-17
1116,2975,458,468,2020-11-12
1117,1259,387,83,2020-03-03
1118,859,2388,860,2020-02-08
1119,353,2529,922,2022-11-01
1120,2559,688,655,2020-05-18
1121,1168,401,478,2022-03-14
1122,2425,957,806,2023-01-16
1123,1776,2003,143,2021-04-08
1124,119,1832,549,2020-08-23
1125,1483,3020,201,2023-06-27
1126,1102,953,622,2023-05-27
1127,657,2104,553,2023-04-21
1128,2196,634,216,2021-03-31
1129,251,215,466,2022-07-07
1130,426,507,629,2021-01-19
1131,861,3043,658,2020-01-25
1132,1281,2590,762,2021-06-28
1133,231,1759,19,2023-06-22
1134,2343,2,900,2022-08-05
1135,1660,1639,855,2020-11-25
1136,2619,209,463,2021-08-10
1137,2977,1922,317,2023-11-17
1138,2998,1595,975,2023-01-27
1139,2297,2757,903,2020-12-30
1140,2618,598,10,2021-04-05
1141,2975,1494,311,2020-08-13
1142,3056,1051,879,2023-06-24
1143,207,979,662,2023-08-27
1144,2749,1474,888,2020-07-12
1145,1747,2611,611,2022-04-03
1146,1235,867,944,2021-09-24
1147,2731,1629,785,2020-07-02
1148,2543,1578,11,2020-09-02
1149,1664,1414,44,2023-10-23
1150,3073,1232,895,2022-03-10
1151,1363,1724,771,2022-08-16
1152,483,47,809,2020-10-16
1153,1792,3033,149,2021-05-30
1154,2250,1374,701,2023-06-02
1155,2454,2151,667,2021-02-11
1156,1701,1229,129,2021-05-30
1157,966,2390,973,2022-07-20
1158,722,2239,570,2022-11-05
1159,1562,215,1000,2020-11-25
1160,2826,459,914,2020-02-14
1161,81,2425,795,2020-12-10
1162,209,690,616,2022-02-24
1163,1651,2984,268,2021-07-27
1164,108,2596,477,2021-05-22
1165,2539,68,575,2020-03-11
1166,1061,1191,300,2020-07-09
1167,3035,184,9,2021-08-02
1168,519,426,441,2022-10-04
1169,2469,1463,68,2020-12-20
1170,1525,1772,122,2020-10-02
1171,2567,2388,359,2022-11-03
1172,917,1292,791,2021-08-17
1173,766,128,215,2022-12-20
1174,1379,2768,407,2022-04-29
1175,2878,1136,466,2021-10-04
1176,2071,2665,310,2020-08-06
1177,1283,2047,426,2022-02-28
1178,1969,1376,421,2020-06-28
1179,1399,2583,809,2023-06-20
1180,403,1915,277,2020-01-07
1181,523,2325,408,2020-05-12
1182,1263,160,239,2022-11-11
1183,1288,2252,656,2023-04-22
1184,2599,707,64,2023-04-18
1185,2092,1845,544,2020-01-28
1186,2556,1520,241,2021-04-09
1187,3034,247,51,2023-12-04
1188,2041,682,616,2022-04-29
1189,2016,689,959,2020-04-02
1190,708,1379,105,2023-10-05
1191,2895,1297,358,2020-01-30
1192,1363,1866,420,2021-05-22
1193,1591,742,693,2020-04-25
1194,412,1271,229,2022-01-07
1195,1380,2816,767,2022-12-18
1196,790,1367,408,2020-07-28
1197,915,61,942,2022-04-05
1198,1340,2829,48,2023-12-01
1199,2171,1517,342,2022-06-14
1200,1445,2823,666,2021-06-23
1201,1185,1692,651,2021-04-06
1202,1957,1848,654,2022-01-20
1203,1458,1516,843,2021-10-18
1204,2698,482,616,2023-04-15
1205,1492,2372,32,2020-06-18
1206,2057,1691,688,2021-04-08
1207,1658,2399,517,2021-07-19
1208,2452,2040,917,2022-05-21
1209,272,242,548,2022-12-23
1210,2591,2827,928,2020-10-31
1211,455,155,517,2021-08-29
1212,860,547,455,2023-02-03
1213,1469,2748,973,2020-05-31
1214,1455,412,337,2022-09-09
1215,1848,1267,501,2023-06-16
1216,1081,2599,779,2023-07-06
1217,102,105,294,2021-12-20
1218,2186,2176,649,2022-06-17
1219,722,1269,841,2021-11-18
1220,1529,470,886,2023-04-08
1221,3063,2209,769,2021-05-18
1222,1919,55,88,2022-08-15
1223,2176,2825,352,2023-01-17
1224,443,2268,215,2023-03-21
1225,737,1890,636,2022-06-30
1226,2021,949,761,2020-05-15
1227,1248,2908,701,2020-12-27
1228,2485,1167,645,2023-04-17
1229,1887,2864,293,2021-03-07
1230,2315,1931,258,2022-12-29
1231,2918,1588,291,2023-01-30
1232,2950,469,867,2023-04-01
1233,1314,1558,802,2022-03-30
1234,2722,2982,746,2021-12-09
1235,2988,1096,590,2022-04-02
1236,1029,569,706,2020-01-11
1237,2343,1264,167,2022-05-21
1238,633,1724,276,2022-02-20
1239,266,16,449,2023-05-31
1240,1663,2336,95,2020-11-22
1241,1069,1678,455,2021-03-29
1242,1653,2194,280,2022-03-27
1243,50,2805,282,2022-02-06
1244,1804,2323,924,2022-07-03
1245,3017,2148,91,2022-10-15
1246,534,1185,506,2020-04-23
1247,450,58,854,2020-12-02
1248,3084,1218,23,2022-10-28
1249,2463,828,590,2022-04-28
1250,1047,2778,897,2020-06-19
1251,1378,2941,244,2021-10-18
1252,1424,2494,528,2022-11-08
1253,554,1078,584,2022-06-16
1254,2800,2683,921,2023-10-07
1255,2949,718,100,2021-02-12
1256,1573,1862,597,2022-08-27
1257,445,1917,621,2020-03-30
1258,178,1614,259,2020-03-03
1259,2262,1971,850,2022-01-24
1260,1774,1072,939,2021-08-22
1261,3026,2554,6,2023-04-02
1262,2213,418,677,2022-10-28
1263,2593,568,291,2023-03-14
1264,2169,2524,403,2023-06-29
1265,2790,1766,913,2021-06-20
1266,1661,1634,744,2020-06-24
1267,832,201,909,2020-07-01
1268,2730,155,205,2021-12-08
1269,1251,2304,63,2021-09-10
1270,2929,523,8,2022-08-17
1271,2226,275,182,2020-01-02
1272,1757,1817,183,2023-01-27
1273,2065,1299,701,2022-04-17
1274,1319,726,379,2021-03-05
1275,715,869,408,2023-04-26
1276,1141,2073,823,2021-07-30
1277,1227,2334,959,2021-09-04
1278,3057,622,997,2023-02-13
1279,682,1468,683,2022-02-23
1280,2331,59,873,2021-08-02
1281,2901,665,318,2021-03-30
1282,1896,170,464,2023-07-17
1283,444,2993,495,2020-12-28
1284,712,957,177,2023-04-22
1285,1196,673,554,2023-06-15
1286,1421,2070,356,2021-03-19
1287,784,498,270,2021-09-25
1288,1409,1349,993,2022-04-03
1289,2383,956,336,2023-07-12
1290,2238,313,646,2022-03-28
1291,2734,597,684,2021-11-01
1292,2358,3002,293,2021-09-20
1293,600,1446,180,2023-03-30
1294,2180,340,291,2022-08-12
1295,599,301,18,2020-08-03
1296,1105,829,456,2020-11-02
1297,2973,365,74,2022-07-22
1298,366,1102,414,2022-12-02
1299,2349,1184,93,2021-02-18
1300,2153,2597,6,2022-06-26
1301,1507,1088,686,2021-10-30
1302,1054,2549,245,2020-11-18
1303,1000,122,354,2023-03-21
1304,1461,1070,561,2022-12-23
1305,2057,118,310,2021-06-13
1306,1485,3022,348,2020-10-13
1307,2414,1061,704,2021-06-27
1308,3056,3007,246,2022-05-23
1309,1596,958,460,2021-03-08
1310,2081,1570,467,2022-06-18
1311,2263,2198,389,2023-11-21
1312,617,2024,388,2021-09-16
1313,2579,1200,490,2022-08-04
1314,897,411,162,2023-11-30
1315,30,2374,733,2022-05-08
1316,659,1137,327,2023-08-29
1317,2086,2388,845,2022-11-06
1318,2935,1168,774,2021-08-27
1319,2492,232,619,2021-11-06
1320,1074,2371,301,2020-01-24
1321,3062,1207,451,2020-08-07
1322,812,2057,239,2023-06-07
1323,1747,2168,40,2020-06-01
1324,937,2524,486,2022-07-11
1325,978,638,833,2020-02-18
1326,2833,716,295,2021-05-18
1327,1199,2122,589,2020-12-03
1328,2791,2325,196,2020-03-17
1329,2770,775,916,2020-02-29
1330,608,2120,273,2020-10-13
1331,2819,1565,839,2023-10-09
1332,754,708,737,2022-05-20
1333,1876,1956,362,2023-12-01
1334,1256,1460,904,2021-07-09
1335,1952,2809,199,2022-04-17
1336,240,996,830,2020-12-16
1337,2215,282,182,2023-07-09
1338,351,768,760,2020-04-01
1339,2587,886,819,2020-04-13
1340,2040,1420,721,2023-07-25
1341,2897,779,692,2023-03-26
1342,2900,1951,279,2020-12-31
1343,660,1178,232,2020-09-19
1344,3035,666,31,2023-04-21
1345,2102,1703,689,2023-09-04
1346,2591,1850,559,2021-07-16
1347,485,1498,155,2022-01-19
1348,3090,3022,470,2020-08-27
1349,2232,851,582,2023-12-02
1350,1000,822,880,2021-06-14
1351,20,2081,125,2020-07-24
1352,2491,2015,590,2021-04-12
1353,2002,1052,622,2023-07-22
1354,2570,1318,210,2022-04-23
1355,82,1597,807,2020-01-03
1356,2370,2597,224,2023-11-04
1357,2670,2487,15,2021-02-14
1358,1456,2105,713,2022-12-28
1359,1809,381,926,2021-12-10
1360,2248,3044,424,2023-01-28
1361,1239,1051,406,2021-06-14
1362,1887,340,435,2022-08-06
1363,1572,1638,195,2021-12-02
1364,2291,490,997,2022-06-05
1365,285,2117,156,2020-08-27
1366,1116,2264,343,2021-01-27
1367,478,1006,270,2021-10-17
1368,3099,657,675,2020-01-25
1369,760,2334,350,2020-05-25
1370,1490,2587,228,2020-01-22
1371,1077,829,918,2020-10-16
1372,2838,2712,623,2022-05-20
1373,3001,2835,880,2023-08-18
1374,1799,635,415,2023-05-23
1375,709,2151,335,2020-07-28
1376,2723,92,827,2020-08-31
1377,1611,105,164,2020-11-08
1378,1282,688,962,2021-03-17
1379,2905,1362,30,2023-02-22
1380,715,965,178,2020-02-02
1381,2639,338,977,2020-03-14
1382,1934,830,867,2021-08-29
1383,445,413,843,2021-09-07
1384,352,1538,105,2023-02-15
1385,1098,323,668,2021-12-16
1386,2547,3044,867,2023-10-30
1387,2627,996,764,2020-06-02
1388,1002,1506,333,2023-07-01
1389,2346,2417,512,2023-02-17
1390,2080,1426,143,2020-09-25
1391,1980,1776,970,2021-09-22
1392,1965,99,147,2022-03-26
1393,1694,2940,37,2020-01-23
1394,2563,536,973,2022-08-19
1395,2265,2369,337,2020-12-06
1396,1484,2041,988,2020-12-29
1397,2142,2762,308,2023-07-02
1398,850,546,605,2021-11-20
1399,2545,1790,507,2020-01-25
1400,1559,1769,459,2022-04-25
1401,444,2298,240,2020-09-22
1402,1507,781,948,2020-08-06
1403,1515,697,639,2020-06-27
1404,2421,1988,501,2023-05-23
1405,2380,975,198,2022-06-28
1406,1660,1724,154,2023-08-06
1407,2710,1465,60,2022-09-22
1408,2546,1775,21,2021-03-07
1409,602,1754,738,2020-04-20
1410,203,1566,144,2020-09-04
1411,1746,480,452,2021-07-26
1412,2951,1674,644,2020-11-23
1413,2005,2283,276,2022-07-25
1414,3050,2629,115,2022-10-01
1415,2110,3058,591,2021-10-11
1416,1548,1847,553,2023-03-11
1417,2078,1204,139,2021-04-10
1418,1512,2831,13,2020-03-30
1419,2291,2448,309,2020-10-02
1420,2458,2253,752,2021-12-22
1421,1572,2958,52,2020-05-18
1422,2905,2606,317,2022-04-08
1423,2342,269,421,2023-11-04
1424,130,49,691,2023-03-13
1425,476,2087,349,2022-01-26
1426,2179,1627,612,2023-01-05
1427,2393,826,426,2023-02-28
1428,207,2525,245,2021-07-31
1429,2952,2891,302,2020-11-11
1430,2532,198,854,2021-01-18
1431,869,635,353,2020-12-31
1432,2971,2171,978,2021-07-21
1433,372,2296,906,2020-02-04
1434,2415,2408,595,2020-11-30
1435,1410,2684,924,2021-10-21
1436,120,135,463,2022-06-01
1437,1879,132,146,2021-11-08
1438,1402,2685,826,2023-01-19
1439,2612,569,511,2020-04-04
1440,1396,1546,273,2022-07-31
1441,2106,901,492,2023-02-19
1442,2396,886,361,2020-05-11
1443,1425,454,17,2022-07-10
1444,2974,1294,347,2021-11-26
1445,611,1871,270,2022-02-08
1446,1855,2324,211,2023-03-22
1447,1929,2604,799,2020-01-17
1448,1540,984,947,2023-07-28
1449,1544,1706,810,2020-07-01
1450,355,128,542,2022-12-01
1451,1832,2366,163,2021-07-28
1452,815,2785,505,2022-04-09
1453,1126,523,909,2021-10-24
1454,1777,1221,335,2023-05-10
1455,2998,2171,500,2021-05-03
1456,1650,1207,275,2023-03-27
1457,1423,564,199,2022-02-15
1458,884,174,784,2021-08-14
1459,264,3016,969,2021-05-28
1460,955,1132,379,2020-08-29
1461,881,1491,347,2022-01-05
1462,2166,141,412,2023-05-04
1463,2047,2355,139,2023-04-29
1464,439,1217,71,2020-10-09
1465,1133,1007,454,2021-06-12
1466,2525,1147,334,2023-03-01
1467,1138,2958,721,2021-07-17
1468,2795,2623,175,2023-02-21
1469,1040,772,728,2022-07-14
1470,1365,3074,304,2021-05-14
1471,956,2686,5,2023-06-16
1472,2168,2431,964,2020-08-21
1473,920,1843,548,2022-02-01
1474,515,1625,818,2022-04-03
1475,1952,944,700,2021-01-14
1476,2228,2384,229,2022-09-24
1477,156,19,978,2021-04-14
1478,2712,71,909,2021-02-06
1479,1474,979,179,2020-08-12
1480,1068,3015,112,2020-05-30
1481,974,247,159,2023-08-13
1482,1279,2432,126,2022-12-17
1483,2357,1946,677,2021-02-25
1484,880,675,793,2022-06-02
1485,2851,404,873,2023-10-12
1486,1969,328,675,2020-03-20
1487,1392,2624,419,2023-02-14
1488,2107,926,150,2023-09-13
1489,206,1529,693,2023-08-16
1490,956,2124,37,2023-02-11
1491,158,452,995,2021-10-23
1492,1825,689,969,2021-03-25
1493,2373,2603,913,2021-03-08
1494,2054,2014,788,2021-03-04
1495,773,197,650,2021-06-04
1496,1522,2696,553,2020-06-05
1497,1310,1767,889,2022-07-05
1498,1196,460,599,2023-09-22
1499,2988,1898,146,2021-09-11
1500,2440,474,81,2021-09-28
1501,1295,28,802,2022-05-02
1502,2237,311,563,2021-07-31
1503,625,1344,997,2023-01-24
1504,1648,1453,972,2023-05-18
1505,1004,1219,439,2021-08-13
1506,871,2322,533,2021-01-15
1507,2811,1753,830,2021-06-26
1508,756,1378,588,2021-09-15
1509,795,2845,425,2021-09-20
1510,2332,695,40,2020-10-05
1511,2603,1097,968,2020-12-16
1512,737,1782,710,2021-01-16
1513,35,3028,52,2023-04-02
1514,3066,2589,474,2020-01-20
1515,1270,1751,487,2020-02-01
1516,744,2270,76,2020-12-06
1517,3030,751,103,2022-07-06
1518,2394,1606,830,2021-02-21
1519,255,571,208,2021-07-17
1520,2302,855,402,2021-12-20
1521,2130,1184,109,2022-06-27
1522,393,2717,51,2022-11-16
1523,691,977,653,2023-11-24
1524,3,47,459,2022-12-13
1525,1175,2999,604,2021-05-08
1526,2770,1646,188,2022-01-04
1527,1454,2883,299,2021-11-12
1528,1355,2150,756,2023-01-09
1529,2344,1739,955,2022-10-21
1530,1581,1402,337,2023-12-05
1531,765,263,837,2022-12-21
1532,1586,2073,195,2021-03-10
1533,2786,3041,206,2023-08-17
1534,1312,1067,482,2020-01-15
1535,1818,2377,5,2020-04-22
1536,912,755,384,2021-06-14
1537,2236,685,341,2022-06-09
1538,2940,2136,301,2020-03-14
1539,797,328,472,2022-01-18
1540,1608,1531,491,2021-05-17
1541,21,2693,293,2023-08-19
1542,2286,1024,249,2020-12-13
1543,904,1040,356,2023-01-12
1544,755,1819,167,2023-06-23
1545,3005,1787,933,2022-03-31
1546,913,827,36,2020-05-10
1547,1502,356,357,2021-06-12
1548,2201,1652,397,2022-09-29
1549,2777,2035,54,2021-01-22
1550,1456,1322,922,2022-10-12
1551,791,2372,931,2023-04-06
1552,404,1045,347,2021-07-17
1553,1511,244,862,2023-01-16
1554,1699,1718,653,2023-01-20
1555,1960,1839,87,2023-01-07
1556,1036,2548,964,2020-02-08
1557,826,1894,444,2023-01-25
1558,1780,1658,472,2022-07-10
1559,2552,2709,857,2023-12-08
1560,2244,1094,424,2022-01-09
1561,1076,2457,574,2020-05-25
1562,574,791,86,2020-06-19
1563,1899,2268,413,2023-03-18
1564,3040,2565,426,2023-11-23
1565,1738,913,831,2023-03-01
1566,587,63,817,2022-05-30
1567,2651,2204,913,2020-04-26
1568,2229,273,369,2022-01-24
1569,2682,2965,639,2023-06-23
1570,1131,117,420,2021-07-25
1571,1301,774,828,2022-12-24
1572,2830,697,595,2020-02-23
1573,1826,1255,912,2023-08-11
1574,1619,1043,767,2023-05-26
1575,1150,364,394,2023-07-23
1576,1699,1329,458,2021-04-23
1577,1980,2129,191,2020-11-01
1578,1873,1758,934,2021-05-03
1579,976,2702,568,2022-03-27
1580,1427,153,424,2023-01-02
1581,74,1912,774,2020-03-22
1582,313,69,54,2020-11-16
1583,2995,1294,870,2023-07-28
1584,1739,2192,16,2022-05-27
1585,585,806,868,2022-10-26
1586,1195,1262,117,2020-06-07
1587,1458,1210,379,2021-11-04
1588,83,137,90,2022-02-04
1589,2096,2464,25,2023-05-14
1590,1349,2209,999,2021-01-22
1591,1129,487,735,2020-04-09
1592,1017,1794,126,2021-12-30
1593,980,909,474,2021-04-25
1594,315,2098,366,2021-04-12
1595,2384,2545,371,2021-01-18
1596,697,231,76,2023-06-26
1597,2271,1165,719,2021-11-13
1598,918,2800,659,2021-08-29
1599,2676,1804,386,2023-11-23
1600,10,1602,749,2022-05-08
1601,121,3070,416,2022-03-11
1602,1915,3056,456,2023-06-13
1603,2099,1051,272,2020-07-13
1604,578,932,810,2021-11-08
1605,1096,2699,924,2021-02-10
1606,880,169,383,2021-06-08
1607,2947,180,957,2022-10-24
1608,2646,1188,699,2023-10-17
1609,2502,122,623,2021-03-07
1610,567,986,473,2020-07-01
1611,541,2245,381,2022-12-12
1612,843,127,54,2021-11-27
1613,1959,902,336,2021-12-31
1614,25,1708,780,2022-06-22
1615,1276,330,838,2022-01-15
1616,1311,604,300,2023-04-13
1617,1609,882,891,2022-12-25
1618,1123,3068,756,2020-12-21
1619,901,1482,786,2021-05-04
1620,154,1466,7,2020-01-31
1621,2075,1419,246,2020-06-28
1622,2367,1309,259,2022-08-03
1623,1777,2825,855,2022-11-14
1624,2732,2433,567,2021-03-11
1625,405,120,585,2022-07-24
1626,1949,1520,770,2021-09-20
1627,2001,430,683,2023-09-07
1628,1545,1491,85,2020-08-19
1629,819,1664,371,2022-07-29
1630,448,1178,293,2020-09-12
1631,1557,814,299,2020-10-19
1632,1837,1038,539,2022-07-16
1633,644,220,459,2022-08-08
1634,1605,2056,82,2022-01-12
1635,1041,2962,515,2021-07-29
1636,1864,1791,502,2023-12-09
1637,2991,2092,488,2022-10-07
1638,614,2094,74,2020-12-25
1639,44,743,538,2021-04-19
1640,2455,1762,620,2020-04-19
1641,1206,1219,703,2021-02-12
1642,1071,1733,317,2020-01-14
1643,1046,2329,544,2021-03-23
1644,1785,452,962,2022-11-05
1645,1953,66,927,2020-01-13
1646,1860,1491,830,2020-01-25
1647,496,1529,212,2023-11-16
1648,1840,2022,546,2020-06-06
1649,948,3090,560,2023-12-30
1650,2154,2232,382,2022-12-10
1651,1778,336,459,2021-04-28
1652,1096,2979,174,2022-01-03
1653,1920,3014,175,2021-01-08
1654,1852,142,172,2022-08-19
1655,369,599,626,2022-10-14
1656,2008,1150,750,2022-11-20
1657,1292,1700,214,2021-10-21
1658,831,2107,812,2022-12-01
1659,2369,1433,532,2023-04-22
1660,2934,827,503,2020-11-21
1661,2732,556,410,2023-11-12
1662,1702,581,903,2021-03-13
1663,2975,1129,166,2020-12-07
1664,1857,2177,777,2020-08-28
1665,2001,1548,875,2020-10-15
1666,2650,1264,561,2021-04-07
1667,2162,2493,98,2022-06-23
1668,2353,1082,584,2023-11-07
1669,1712,2393,756,2020-06-17
1670,3043,2911,167,2021-12-02
1671,2098,996,551,2022-11-26
1672,396,2176,258,2021-07-20
1673,751,1848,477,2022-12-22
1674,80,1287,737,2021-08-29
1675,2626,1457,516,2022-05-13
1676,1597,632,749,2022-04-04
1677,485,890,961,2020-02-08
1678,2045,2861,614,2020-02-16
1679,133,1667,276,2021-06-11
1680,1051,1467,127,2020-12-11
1681,579,689,600,2020-12-13
1682,935,1170,634,2020-06-16
1683,94,1375,590,2022-11-22
1684,10,1559,109,2022-06-30
1685,2051,2041,682,2020-01-29
1686,1329,1839,333,2020-11-17
1687,2174,528,463,2022-06-13
1688,468,433,166,2021-09-05
1689,3067,566,616,2021-04-08
1690,1118,48,204,2020-01-23
1691,246,2022,409,2022-10-16
1692,147,2275,810,2022-02-27
1693,1035,1308,573,2022-03-11
1694,1177,1004,895,2023-11-30
1695,3060,2507,181,2022-11-14
1696,908,2768,877,2020-05-20
1697,2043,2814,468,2023-03-05
1698,2671,1965,387,2023-12-03
1699,2540,1433,564,2021-06-11
1700,2019,915,509,2020-02-01
1701,2508,311,44,2021-03-16
1702,421,937,939,2021-08-25
1703,2113,570,87,2023-09-23
1704,2187,1815,282,2023-08-28
1705,2777,1335,256,2021-01-06
1706,321,2970,21,2023-10-27
1707,935,112,990,2022-01-09
1708,2425,2546,816,2022-10-02
1709,813,875,400,2023-10-20
1710,1287,512,262,2020-12-25
1711,1177,1559,615,2022-03-17
1712,1004,2095,806,2020-12-18
1713,796,255,475,2022-08-04
1714,470,1138,78,2020-02-15
1715,2128,2157,110,2021-05-23
1716,2022,2414,495,2022-11-10
1717,715,1676,921,2021-02-18
1718,1020,900,343,2021-02-12
1719,2145,770,447,2020-06-24
1720,2201,2173,848,2022-03-11
1721,2415,175,322,2020-08-13
1722,1453,1799,651,2021-09-13
1723,677,338,605,2021-04-04
1724,860,2727,77,2023-11-13
1725,1192,714,826,2020-06-04
1726,2599,2276,942,2021-10-21
1727,2113,2637,13,2022-10-15
1728,2009,2693,53,2023-08-13
1729,959,2037,126,2023-10-06
1730,2803,3064,273,2021-01-03
1731,170,42,72,2023-10-11
1732,90,2559,745,2021-03-23
1733,975,2675,492,2023-08-10
1734,2651,168,919,2020-07-06
1735,5,437,684,2022-03-17
1736,2370,2115,606,2020-05-08
1737,1959,2469,201,2020-03-08
1738,2761,1977,25,2020-10-21
1739,2847,471,299,2020-12-26
1740,1101,1849,727,2022-07-07
1741,3064,2132,286,2020-04-30
1742,3015,1746,426,2022-02-17
1743,2807,2200,237,2021-01-08
1744,280,508,124,2023-05-29
1745,1796,1903,131,2020-05-15
1746,2276,2790,633,2023-06-24
1747,1736,915,547,2023-06-17
1748,728,136,418,2020-12-09
1749,3024,950,781,2022-12-04
1750,895,1686,673,2021-07-24
1751,1009,161,924,2021-03-07
1752,1073,1974,358,2020-05-09
1753,2676,544,994,2022-06-24
1754,2386,2789,422,2022-12-17
1755,2267,1580,139,2023-06-14
1756,1953,893,999,2022-01-15
1757,393,1033,970,2022-02-20
1758,152,2720,364,2022-05-08
1759,1490,2318,927,2023-04-22
1760,1591,1048,257,2021-05-18
1761,656,241,331,2022-08-08
1762,849,1619,430,2021-06-02
1763,1637,1570,526,2022-02-12
1764,2757,2866,957,2022-12-03
1765,3013,1793,533,2020-03-18
1766,2539,1042,164,2022-01-21
1767,247,1778,421,2023-05-31
1768,1135,2301,297,2023-05-07
1769,1247,1312,399,2020-03-04
1770,2189,1045,462,2020-09-25
1771,474,1788,239,2022-12-13
1772,316,2340,904,2023-02-28
1773,1764,2036,158,2021-05-15
1774,870,595,926,2021-01-25
1775,2468,2971,366,2023-10-04
1776,2386,848,371,2023-08-31
1777,48,666,872,2021-09-19
1778,3038,1593,844,2021-10-09
1779,1862,1584,33,2020-09-13
1780,700,112,16,2020-04-11
1781,360,466,57,2021-07-23
1782,870,995,353,2021-02-20
1783,436,1725,529,2021-08-24
1784,2458,1254,570,2020-09-13
1785,2201,2694,732,2021-05-09
1786,797,573,483,2022-12-02
1787,2065,1682,969,2022-10-11
1788,2304,1863,509,2022-09-10
1789,710,983,80,2021-11-20
1790,450,1841,962,2022-10-12
1791,2633,626,650,2021-09-20
1792,1432,1049,75,2021-02-05
1793,918,1682,781,2021-12-26
1794,1769,584,414,2021-06-16
1795,2783,1353,91,2021-04-19
1796,2282,727,13,2021-09-15
1797,1886,944,863,2022-08-04
1798,2608,815,945,2022-02-10
1799,48,532,120,2020-08-14
1800,3063,1590,88,2022-07-15
1801,2034,1432,673,2023-07-20
1802,618,237,649,2021-08-30
1803,191,2155,864,2021-10-16
1804,1057,3043,512,2022-06-23
1805,1922,1144,612,2020-01-12
1806,2994,1622,224,2023-06-02
1807,259,118,498,2023-06-01
1808,53,842,657,2020-08-17
1809,1118,2971,847,2022-09-26
1810,2509,386,108,2020-02-19
1811,1605,1181,896,2020-01-04
1812,2523,945,674,2021-02-17
1813,2168,1484,825,2020-06-06
1814,2921,1169,258,2023-11-20
1815,49,2771,141,2021-11-24
1816,2135,880,175,2023-01-12
1817,997,778,800,2020-07-20
1818,1828,1814,966,2022-04-09
1819,1276,373,548,2022-10-14
1820,810,2455,578,2023-08-17
1821,967,1205,21,2021-09-21
1822,1126,1507,930,2021-09-28
1823,123,2450,41,2020-10-10
1824,1972,514,807,2020-03-14
1825,1953,367,640,2020-03-23
1826,414,1028,657,2023-07-14
1827,1443,1566,932,2023-12-04
1828,2136,1991,23,2023-08-14
1829,2062,2647,829,2022-07-08
1830,2460,2862,687,2023-08-29
1831,2592,2431,63,2022-10-22
1832,86,2894,280,2022-07-06
1833,559,227,301,2023-10-28
1834,2075,1296,489,2021-03-29
1835,576,212,394,2022-01-08
1836,1019,3047,91,2021-03-31
1837,3008,2261,931,2022-09-07
1838,2009,318,378,2021-09-03
1839,2598,1848,617,2021-02-14
1840,2436,908,625,2022-06-17
1841,3073,693,822,2020-10-16
1842,663,2862,955,2020-12-10
1843,1909,2762,255,2022-02-17
1844,2673,2456,681,2022-10-13
1845,1552,3018,564,2020-10-26
1846,63,646,335,2022-01-17
1847,2230,551,133,2022-10-01
1848,2527,1700,386,2023-01-25
1849,2525,1084,937,2023-06-22
1850,526,1077,67,2020-01-06
1851,1965,2053,538,2020-05-09
1852,1115,938,16,2021-05-29
1853,880,2657,933,2020-09-09
1854,1392,1596,430,2022-04-06
1855,2808,1522,25,2021-12-26
1856,2991,991,702,2022-04-20
1857,2287,921,548,2021-02-17
1858,1396,2736,260,2020-10-27
1859,860,3031,644,2022-07-05
1860,2192,170,527,2023-09-05
1861,1695,417,334,2023-08-17
1862,2130,2376,611,2023-11-24
1863,1888,3041,83,2023-09-10
1864,1035,452,958,2021-08-13
1865,2279,353,652,2023-10-04
1866,1187,1697,523,2022-09-03
1867,2800,1362,22,2022-08-27
1868,3016,221,66,2023-06-12
1869,2969,2359,448,2020-07-11
1870,2078,1408,503,2020-07-11
1871,1576,1383,922,2023-08-27
1872,2424,2613,966,2023-11-01
1873,570,2370,220,2021-08-01
1874,2169,2484,366,2021-04-06
1875,1010,2958,39,2021-01-13
1876,1146,2796,770,2021-05-02
1877,2069,2327,446,2022-07-12
1878,143,236,235,2022-08-26
1879,985,611,864,2021-12-01
1880,1336,1731,687,2021-12-25
1881,2719,1626,401,2023-03-01
1882,597,484,558,2021-10-10
1883,923,3074,173,2021-05-26
1884,575,365,44,2020-10-14
1885,421,2926,916,2023-01-19
1886,870,3050,419,2022-05-13
1887,539,1050,174,2023-12-05
1888,521,2145,213,2022-05-28
1889,461,1769,661,2022-05-07
1890,495,3019,121,2023-06-14
1891,267,1984,833,2021-07-17
1892,1434,2299,666,2022-02-09
1893,2004,2662,730,2021-06-30
1894,1626,951,68,2021-06-13
1895,1041,1093,894,2022-10-30
1896,1307,1820,976,2022-09-17
1897,907,2056,114,2023-03-27
1898,1669,1918,376,2023-10-02
1899,821,273,255,2020-08-14
1900,2163,1751,429,2021-09-08
1901,368,991,416,2022-01-26
1902,1983,2898,657,2022-08-15
1903,2232,2848,745,2021-02-25
1904,2731,3083,265,2023-05-13
1905,1815,847,931,2021-09-10
1906,2927,2950,342,2020-07-05
1907,2799,1229,416,2023-02-08
1908,486,1713,788,2023-10-22
1909,2493,1355,243,2023-07-15
1910,80,856,186,2023-10-23
1911,1244,2956,626,2023-10-06
1912,1727,26,350,2021-07-02
1913,2150,1324,167,2021-01-01
1914,698,1879,557,2022-01-23
1915,1884,3083,84,2020-10-07
1916,504,2577,652,2021-04-10
1917,605,757,381,2021-04-25
1918,1741,724,805,2022-11-22
1919,2954,794,356,2020-05-17
1920,1075,547,241,2020-11-10
1921,2729,442,489,2021-02-28
1922,1204,1265,60,2023-08-26
1923,2080,2693,176,2023-04-13
1924,168,2806,852,2023-12-27
1925,540,2298,254,2020-12-11
1926,1361,2361,650,2022-12-06
1927,1248,1936,213,2021-09-23
1928,2541,620,269,2022-12-24
1929,1737,1196,206,2022-09-25
1930,1442,214,400,2023-01-19
1931,639,2358,908,2021-01-09
1932,2556,2338,157,2023-03-28
1933,355,846,655,2020-07-27
1934,2665,934,360,2023-07-20
1935,342,2845,403,2023-10-14
1936,978,210,284,2021-08-26
1937,2963,1274,145,2020-08-19
1938,2712,3010,838,2022-12-25
1939,1838,111,509,2021-08-13
1940,1641,2188,473,2022-07-08
1941,1330,954,796,2021-01-11
1942,524,2282,677,2020-06-16
1943,3017,1528,994,2022-02-17
1944,698,805,947,2021-03-01
1945,2320,846,454,2021-10-08
1946,1303,518,787,2021-12-07
1947,162,1360,241,2021-12-18
1948,2261,1737,537,2020-08-01
1949,1946,1031,817,2021-06-14
1950,42,1272,712,2020-12-05
1951,475,8,136,2021-11-02
1952,1278,2989,462,2023-06-16
1953,44,108,914,2021-03-24
1954,2231,1043,774,2020-09-02
1955,496,315,540,2021-08-26
1956,1430,2704,537,2021-05-19
1957,54,362,960,2020-03-05
1958,587,621,96,2020-02-17
1959,2909,2337,42,2023-03-11
1960,2741,1877,795,2023-08-22
1961,2162,393,890,2023-05-02
1962,3050,2199,284,2020-02-26
1963,3074,467,928,2022-06-18
1964,1766,1004,763,2020-10-07
1965,1703,909,710,2021-07-04
1966,648,2694,394,2020-01-05
1967,3006,1969,337,2022-06-08
1968,1419,687,677,2020-03-23
1969,418,2617,692,2023-11-17
1970,528,1808,846,2020-04-30
1971,3032,2835,967,2021-03-09
1972,1470,1617,13,2022-07-06
1973,1951,1531,645,2021-11-10
1974,1832,703,64,2021-06-09
1975,1919,2742,95,2020-05-10
1976,1824,2499,527,2022-03-14
1977,339,419,226,2020-01-17
1978,56,2339,589,2022-06-06
1979,1346,342,97,2020-10-13
1980,1965,1921,762,2020-04-11
1981,723,1768,515,2023-11-26
1982,1708,3093,115,2021-05-31
1983,2207,23,41,2020-06-23
1984,2944,436,18,2022-03-10
1985,951,707,452,2022-12-08
1986,988,337,916,2022-11-10
1987,2680,2281,949,2020-12-28
1988,2748,2191,970,2022-10-09
1989,3000,2040,485,2022-01-16
1990,2092,1182,213,2023-04-26
1991,780,1992,78,2022-10-11
1992,874,1669,675,2022-12-13
1993,1053,2501,385,2021-10-31
1994,2563,1915,677,2021-12-28
1995,885,1394,166,2021-08-17
1996,1457,2182,546,2023-10-17
1997,2867,1279,145,2021-10-12
1998,3052,569,833,2022-07-23
1999,2538,2359,258,2023-10-08
2000,3014,2154,65,2022-05-05
2001,1125,1569,656,2020-10-30
2002,2639,1900,827,2021-08-31
2003,1969,3058,539,2022-09-17
2004,1954,1493,258,2023-10-11
2005,2248,1846,295,2021-01-13
2006,1689,1114,46,2021-03-27
2007,694,1532,179,2021-10-19
2008,1565,1437,76,2021-09-16
2009,3002,2555,582,2022-11-22
2010,513,22,177,2023-01-01
2011,2814,2472,1,2022-02-23
2012,781,1626,495,2022-07-30
2013,1274,2930,89,2023-12-12
2014,187,2576,728,2022-02-16
2015,751,1359,823,2021-02-20
2016,751,932,803,2023-09-27
2017,143,2776,794,2020-04-02
2018,2533,2203,30,2021-03-17
2019,879,2848,674,2022-12-23
2020,1245,954,767,2021-12-12
2021,201,1460,902,2023-10-19
2022,2405,1863,80,2021-01-27
2023,287,2494,209,2021-06-01
2024,742,1016,946,2022-06-13
2025,1718,2689,146,2020-07-05
2026,935,830,369,2020-11-22
2027,716,1927,236,2022-08-11
2028,616,331,743,2023-03-05
2029,2556,2541,560,2023-07-11
2030,2571,1671,964,2020-07-23
2031,2362,507,440,2023-12-26
2032,1669,2506,138,2021-05-26
2033,2776,3078,543,2021-09-22
2034,1123,1375,202,2022-06-30
2035,3014,2504,460,2020-10-03
2036,1725,2068,648,2021-01-21
2037,385,2794,354,2020-06-13
2038,510,1527,744,2022-04-20
2039,1559,209,211,2023-07-14
2040,1250,959,648,2022-01-12
2041,1565,2271,809,2023-02-03
2042,2072,2269,67,2021-05-27
2043,2045,1435,829,2020-11-08
2044,2051,78,107,2021-09-28
2045,478,1818,474,2023-02-05
2046,1282,1676,862,2022-11-16
2047,889,2739,429,2022-06-21
2048,405,558,446,2023-09-10
2049,2440,100,871,2023-04-28
2050,2792,776,780,2022-11-03
2051,195,3091,714,2020-06-19
2052,2875,2990,346,2021-01-22
2053,2916,517,889,2020-11-17
2054,2737,2370,768,2021-01-05
2055,549,2717,409,2023-06-19
2056,2707,2663,335,2021-11-03
2057,1440,2203,800,2020-10-13
2058,2084,1316,891,2021-11-07
2059,1085,2726,31,2023-06-14
2060,2600,1188,174,2022-05-05
2061,887,2347,694,2022-04-02
2062,1399,2213,473,2021-07-29
2063,2605,817,938,2023-08-22
2064,1479,2928,856,2023-10-18
2065,2021,855,869,2022-04-24
2066,723,2152,176,2021-05-03
2067,2310,1809,564,2021-10-05
2068,2306,2311,161,2021-10-29
2069,1884,216,512,2023-08-05
2070,2016,1800,960,2021-12-23
2071,2729,2749,672,2021-03-14
2072,591,547,850,2022-04-12
2073,452,1950,130,2022-02-25
2074,2892,6,277,2020-03-31
2075,1984,1697,892,2021-09-10
2076,2713,1308,174,2021-12-29
2077,2245,1820,110,2022-12-03
2078,236,1363,380,2023-05-18
2079,356,1575,381,2021-10-15
2080,2598,635,957,2023-01-03
2081,1666,1801,882,2022-09-18
2082,1487,1540,933,2021-12-18
2083,2333,718,243,2021-06-15
2084,387,2913,146,2022-11-28
2085,2819,19,935,2022-05-22
2086,1796,2474,489,2023-06-02
2087,1413,2754,749,2022-07-14
2088,2059,11,196,2021-03-18
2089,2059,572,557,2023-09-04
2090,2631,3042,134,2020-07-17
2091,2453,982,655,2023-02-18
2092,1118,2249,823,2023-10-13
2093,2780,2940,883,2021-11-07
2094,2612,135,593,2021-09-23
2095,2965,839,124,2020-11-11
2096,2793,3029,642,2022-11-12
2097,922,1304,841,2022-12-26
2098,2794,2762,807,2022-02-13
2099,690,1104,299,2023-08-15
2100,2638,1967,106,2022-09-08
2101,1574,1175,178,2023-10-17
2102,1206,2903,81,2022-04-28
2103,1129,1856,548,2020-11-26
2104,293,303,738,2021-10-15
2105,2193,2801,320,2023-04-21
2106,1821,1966,479,2023-03-30
2107,2514,243,611,2022-01-22
2108,177,1557,777,2022-04-06
2109,736,1880,738,2020-03-03
2110,762,1147,379,2022-11-19
2111,2776,1517,447,2020-08-19
2112,477,1695,410,2020-10-01
2113,404,2282,216,2020-06-12
2114,1137,1841,39,2022-11-21
2115,228,2708,400,2023-08-14
2116,127,2986,650,2020-11-04
2117,1527,474,980,2021-01-07
2118,1892,1338,570,2022-06-06
2119,892,2833,209,2020-07-05
2120,1497,2231,354,2022-10-18
2121,2192,1283,233,2020-08-15
2122,3077,936,20,2020-08-28
2123,2372,1846,85,2020-07-31
2124,692,1970,288,2020-12-26
2125,1476,2793,16,2023-04-09
2126,2763,1339,318,2023-02-16
2127,1628,2702,662,2021-03-05
2128,998,1478,472,2022-07-03
2129,2169,1749,91,2021-02-21
2130,2646,2942,49,2022-10-15
2131,1445,736,793,2020-04-11
2132,2531,2157,905,2022-09-24
2133,861,2205,220,2022-03-26
2134,150,2959,273,2022-02-03
2135,1672,1165,538,2020-02-11
2136,561,353,861,2021-11-17
2137,2436,1525,249,2023-02-11
2138,2136,2810,449,2021-08-27
2139,622,2445,947,2023-08-04
2140,1544,1007,491,2021-10-31
2141,2582,1374,214,2021-12-22
2142,1272,2155,982,2023-01-31
2143,1807,399,982,2022-03-27
2144,966,3051,160,2022-08-04
2145,2619,1356,12,2022-05-22
2146,497,2931,258,2020-03-31
2147,876,1334,177,2020-10-27
2148,3080,1744,558,2022-04-29
2149,2853,1158,352,2020-09-01
2150,2473,1862,452,2020-10-30
2151,1090,780,756,2021-09-11
2152,1446,291,878,2020-07-12
2153,2138,1952,522,2022-12-13
2154,1531,2203,122,2023-09-15
2155,2059,2378,882,2022-03-13
2156,2115,1383,468,2021-01-19
2157,447,1019,625,2020-10-12
2158,1109,696,814,2021-07-04
2159,1968,1244,431,2023-03-05
2160,2526,2303,845,2022-06-07
2161,2268,1225,29,2023-08-01
2162,2196,524,377,2023-02-24
2163,2810,1834,117,2020-06-11
2164,2986,758,945,2020-01-30
2165,2887,846,606,2023-10-28
2166,2701,986,842,2021-07-15
2167,930,765,128,2021-05-23
2168,3026,1451,887,2022-06-09
2169,2955,1524,751,2020-04-22
2170,2415,2835,1,2022-12-01
2171,624,2815,842,2020-11-14
2172,2238,2542,426,2020-11-09
2173,352,383,502,2020-07-03
2174,391,863,636,2023-03-04
2175,2229,1105,53,2021-03-04
2176,2596,2537,224,2022-06-23
2177,2240,2544,309,2020-03-10
2178,1790,1270,472,2022-05-30
2179,1629,386,789,2021-04-21
2180,2433,55,931,2020-03-26
2181,419,2392,936,2022-08-16
2182,56,1250,10,2022-07-30
2183,1319,837,720,2023-04-06
2184,93,2739,90,2021-09-01
2185,2692,1644,552,2021-01-11
2186,1099,2698,253,2021-08-15
2187,2378,2318,347,2022-06-04
2188,1922,677,550,2022-05-03
2189,2711,2253,413,2023-10-24
2190,1793,275,953,2020-01-31
2191,1752,1510,629,2020-10-18
2192,1979,917,282,2023-01-31
2193,2768,323,407,2023-06-22
2194,852,111,210,2020-02-13
2195,721,2808,788,2022-10-26
2196,1120,1543,916,2020-07-14
2197,2567,1530,498,2022-02-06
2198,621,1526,88,2020-04-12
2199,1669,1081,751,2021-03-02
2200,2233,2820,449,2023-06-13
2201,1997,2820,504,2021-10-10
2202,434,2289,281,2022-11-07
2203,342,1335,263,2021-07-24
2204,1509,2138,973,2020-09-27
2205,1028,1250,577,2022-04-04
2206,3012,1098,820,2023-06-03
2207,504,2612,557,2022-08-22
2208,2266,415,546,2022-06-18
2209,857,566,650,2023-12-26
2210,938,365,480,2021-11-05
2211,394,1446,937,2020-04-17
2212,1716,2906,471,2020-06-05
2213,318,2116,971,2020-11-16
2214,1094,2879,525,2022-03-29
2215,119,3089,89,2021-03-20
2216,2058,1245,787,2023-09-29
2217,1260,2323,162,2023-08-12
2218,2006,2448,267,2020-04-26
2219,732,2383,7,2020-05-13
2220,1765,1689,446,2021-01-29
2221,2355,2731,841,2020-08-19
2222,958,1913,43,2021-05-24
2223,2075,563,392,2023-08-13
2224,2973,926,583,2022-06-11
2225,1000,2681,497,2021-06-14
2226,1996,1581,734,2023-03-03
2227,2541,2539,644,2023-10-03
2228,1415,128,585,2023-05-07
2229,3088,1070,230,2022-10-06
2230,1680,587,203,2021-06-24
2231,1390,2976,495,2020-05-18
2232,1376,1965,83,2023-03-07
2233,2063,1752,170,2022-01-06
2234,826,2769,682,2022-03-11
2235,808,2355,154,2021-07-12
2236,1703,100,540,2023-05-28
2237,1043,548,257,2023-05-19
2238,2548,1756,524,2022-08-04
2239,63,2921,147,2023-08-04
2240,1719,1713,503,2021-10-01
2241,2884,139,417,2021-05-07
2242,2691,1206,757,2021-08-08
2243,1397,1373,272,2023-09-29
2244,2774,2231,513,2020-11-06
2245,2503,30,541,2021-12-03
2246,2820,2195,77,2021-02-01
2247,65,3004,413,2021-08-10
2248,2404,534,92,2023-02-15
2249,2844,2829,221,2020-05-31
2250,1085,2751,724,2022-12-12
2251,2857,2118,953,2023-11-18
2252,244,3033,261,2022-06-22
2253,957,1314,822,2021-12-17
2254,74,2717,507,2020-02-21
2255,1909,2221,235,2023-12-20
2256,240,2950,345,2023-10-16
2257,1615,740,413,2021-03-05
2258,1519,1844,425,2023-04-30
2259,364,493,231,2021-06-15
2260,2569,2205,879,2022-02-13
2261,239,2143,260,2023-05-16
2262,3013,1983,993,2023-04-08
2263,578,375,758,2020-08-14
2264,1651,2983,951,2020-11-10
2265,2897,1640,263,2021-12-22
2266,1782,2763,534,2023-05-03
2267,358,443,2,2021-05-30
2268,1807,2317,10,2022-12-09
2269,1798,695,668,2021-02-20
2270,1276,1809,74,2023-01-06
2271,1538,1320,254,2021-10-15
2272,2370,1964,727,2023-01-13
2273,2676,1569,914,2022-02-10
2274,2202,444,992,2021-08-19
2275,1004,2287,292,2022-02-20
2276,2220,3078,765,2021-06-25
2277,2476,2915,221,2022-05-29
2278,2590,293,183,2022-10-31
2279,1458,792,46,2020-02-29
2280,2197,2177,944,2021-01-11
2281,196,2523,181,2022-02-07
2282,2978,1595,749,2023-01-28
2283,376,1224,575,2022-01-04
2284,210,2343,521,2023-08-08
2285,2018,2771,111,2023-11-14
2286,1972,2162,303,2021-03-06
2287,2460,585,880,2020-03-22
2288,2340,478,28,2020-10-29
2289,567,1468,705,2021-10-27
2290,1201,2007,532,2022-05-10
2291,94,1724,278,2023-09-14
2292,2380,904,403,2023-09-01
2293,1413,1356,781,2023-05-22
2294,549,619,390,2022-08-15
2295,393,1029,898,2023-07-18
2296,146,499,648,2023-08-03
2297,1649,230,456,2020-03-27
2298,2730,2714,46,2021-06-25
2299,601,753,791,2021-11-10
2300,243,711,961,2021-01-24
2301,1390,870,64,2020-10-10
2302,1601,1300,34,2023-04-27
2303,1833,998,659,2023-04-04
2304,182,2329,15,2022-02-16
2305,286,738,386,2022-07-18
2306,488,2584,819,2020-02-16
2307,15,374,827,2020-06-14
2308,225,123,633,2023-01-02
2309,1968,2594,95,2022-08-24
2310,1399,130,461,2020-07-25
2311,622,1953,42,2023-04-22
2312,2298,1233,405,2023-11-17
2313,1813,252,339,2022-07-26
2314,3081,1963,861,2020-04-09
2315,781,2838,669,2023-01-17
2316,2876,160,970,2020-05-01
2317,2837,1189,705,2021-01-18
2318,1321,1449,838,2020-07-04
2319,509,2289,143,2020-10-04
2320,482,778,210,2020-01-10
2321,961,1166,873,2021-02-03
2322,2264,1138,190,2021-02-11
2323,1865,2598,255,2021-02-17
2324,2743,271,883,2023-05-12
2325,1814,922,922,2023-07-02
2326,9,3059,932,2021-01-10
2327,303,2061,559,2020-12-12
2328,2687,1233,269,2023-10-23
2329,2469,323,287,2020-03-12
2330,2866,1820,362,2023-03-19
2331,348,2141,704,2020-11-14
2332,2857,976,85,2020-03-16
2333,1660,1570,104,2023-01-01
2334,1076,2713,345,2020-04-12
2335,1983,2513,483,2020-05-20
2336,2986,241,745,2020-06-07
2337,1498,730,84,2022-07-06
2338,1369,622,635,2020-08-26
2339,2342,227,406,2022-06-02
2340,802,122,448,2022-03-04
2341,1713,886,465,2020-06-04
2342,1474,407,395,2020-11-27
2343,2308,1305,121,2021-08-28
2344,649,267,761,2022-05-29
2345,2173,646,532,2021-01-21
2346,1891,1134,730,2023-03-15
2347,648,848,634,2023-03-17
2348,2679,1975,452,2020-06-14
2349,2617,1721,654,2023-03-19
2350,1958,2437,872,2020-02-05
2351,13,2196,942,2022-03-19
2352,2092,280,95,2022-08-01
2353,479,224,340,2023-09-17
2354,1706,1837,63,2020-02-03
2355,852,2168,103,2023-07-19
2356,2095,2019,258,2023-03-08
2357,2943,2641,716,2022-03-27
2358,2963,2268,829,2023-02-28
2359,1742,2332,674,2021-10-13
2360,2274,2243,508,2022-03-11
2361,650,575,193,2022-05-08
2362,1925,2318,84,2021-05-10
2363,1253,594,309,2020-03-02
2364,1591,1239,154,2022-05-21
2365,797,2916,989,2022-06-09
2366,1082,2676,224,2021-03-28
2367,584,1653,180,2021-04-13
2368,1315,2412,239,2021-01-02
2369,742,2504,675,2021-12-12
2370,3012,2520,201,2020-06-22
2371,1181,1855,217,2021-11-11
2372,983,311,52,2023-03-16
2373,365,862,397,2021-05-29
2374,136,171,886,2023-01-16
2375,986,860,74,2020-03-16
2376,969,2227,83,2023-11-18
2377,1215,583,191,2022-06-22
2378,1657,1360,901,2021-01-05
2379,977,1197,607,2022-07-11
2380,2922,348,961,2021-03-29
2381,765,930,525,2022-06-12
2382,404,3009,978,2021-01-08
2383,2542,2806,938,2022-02-09
2384,2587,695,721,2023-04-13
2385,2242,163,918,2020-06-02
2386,2171,464,649,2021-05-24
2387,2076,1547,136,2021-06-15
2388,1431,1982,626,2020-03-04
2389,461,778,874,2023-11-06
2390,2289,2910,422,2022-06-16
2391,2507,788,581,2023-10-02
2392,1118,899,825,2020-09-18
2393,2884,2023,433,2020-12-31
2394,1034,954,618,2023-10-20
2395,703,482,368,2020-04-29
2396,3043,2212,277,2020-02-25
2397,580,2752,568,2022-08-06
2398,905,2674,193,2023-06-26
2399,2154,2709,440,2020-06-08
2400,2907,474,257,2021-03-14
2401,2385,1453,564,2023-05-06
2402,983,1571,336,2020-08-07
2403,2126,3065,711,2021-07-16
2404,844,2495,389,2022-06-03
2405,77,1883,873,2021-02-01
2406,1404,2958,942,2020-05-20
2407,2174,1394,676,2022-01-18
2408,1415,1372,74,2020-12-18
2409,1091,2288,846,2023-10-04
2410,231,1619,799,2022-03-18
2411,1873,3083,745,2023-03-11
2412,1114,2232,921,2020-07-17
2413,1034,2391,570,2022-05-17
2414,1261,424,384,2021-07-20
2415,2539,714,703,2020-04-23
2416,986,1968,423,2020-06-19
2417,1913,863,746,2021-05-12
2418,2358,2108,559,2020-03-12
2419,2984,1025,416,2020-09-20
2420,536,2649,771,2021-04-04
2421,2623,1694,268,2021-02-01
2422,362,3041,709,2020-09-22
2423,1041,1508,909,2022-06-13
2424,336,702,196,2020-07-12
2425,1123,971,1000,2020-04-10
2426,738,2885,113,2022-04-05
2427,2656,1631,112,2021-03-26
2428,2326,246,478,2023-12-07
2429,2785,2385,178,2022-11-06
2430,779,1638,506,2021-10-31
2431,66,2748,133,2021-03-08
2432,2429,413,572,2023-09-03
2433,994,3069,879,2020-01-06
2434,2464,2148,366,2022-08-27
2435,1861,608,376,2020-03-09
2436,339,1739,676,2020-03-14
2437,1715,757,114,2023-12-30
2438,1979,2486,696,2023-01-25
2439,1579,1272,209,2020-08-13
2440,937,2487,75,2021-03-03
2441,671,527,358,2020-08-09
2442,2240,2147,403,2021-11-10
2443,2306,1613,49,2022-07-07
2444,2584,2914,497,2023-07-10
2445,2053,516,961,2023-11-06
2446,1313,293,371,2020-07-11
2447,2591,1456,529,2022-02-06
2448,949,2610,352,2020-12-03
2449,225,2665,932,2020-07-02
2450,1985,2669,626,2022-11-10
2451,1026,1512,112,2021-03-21
2452,1003,2557,824,2021-01-28
2453,1644,766,469,2023-04-14
2454,1979,2336,366,2021-05-08
2455,2056,1702,201,2023-11-17
2456,2615,636,896,2023-10-12
2457,2399,2121,805,2020-02-14
2458,2415,507,700,2023-11-11
2459,1674,42,840,2021-02-15
2460,2187,1881,572,2021-07-31
2461,1815,1449,7,2022-12-03
2462,1845,520,178,2023-11-02
2463,2568,143,936,2020-03-04
2464,2563,2977,233,2021-10-01
2465,1627,2308,411,2022-09-21
2466,2652,1452,45,2023-12-22
2467,1694,2205,683,2020-01-13
2468,1572,1953,697,2020-10-15
2469,2629,1066,774,2021-04-21
2470,374,2263,123,2021-08-12
2471,1585,1786,133,2022-08-17
2472,975,2698,83,2022-04-03
2473,831,725,331,2021-12-31
2474,770,1514,268,2023-05-24
2475,89,1303,681,2023-02-21
2476,244,2392,529,2020-08-08
2477,2651,2887,175,2021-06-19
2478,1003,2873,337,2023-03-10
2479,1929,396,751,2023-06-14
2480,1337,1875,892,2023-07-08
2481,221,842,165,2020-08-22
2482,2292,427,185,2020-10-17
2483,515,2229,402,2020-11-03
2484,2661,2687,572,2022-08-03
2485,1061,29,583,2021-11-11
2486,734,261,433,2022-07-04
2487,949,1213,147,2023-10-21
2488,1117,973,38,2020-12-18
2489,854,1780,949,2020-06-23
2490,1700,831,786,2023-12-16
2491,3095,1489,113,2021-04-29
2492,920,2291,795,2023-01-12
2493,1659,915,901,2022-06-03
2494,608,1595,297,2022-03-31
2495,1113,298,367,2020-02-08
2496,3069,2128,846,2020-10-28
2497,100,1962,143,2021-05-05
2498,2329,1075,871,2021-07-15
2499,2577,1898,738,2020-12-29
2500,2012,983,129,2023-02-16
2501,2314,2289,187,2021-04-11
2502,1289,369,608,2023-01-06
2503,178,2168,867,2020-05-13
2504,1915,555,430,2020-06-04
2505,904,1496,462,2021-05-26
2506,1587,2596,922,2022-01-21
2507,1343,805,227,2020-12-31
2508,2712,1806,210,2022-08-05
2509,530,2032,101,2023-04-06
2510,1781,2175,616,2021-06-26
2511,2721,639,748,2020-11-13
2512,1526,804,523,2022-03-01
2513,1595,1390,552,2022-12-22
2514,2147,1962,955,2021-04-28
2515,2971,1798,540,2023-01-22
2516,2446,676,594,2020-06-20
2517,98,1559,999,2023-10-03
2518,2160,2044,140,2023-03-24
2519,834,1746,1,2023-03-27
2520,1197,1426,135,2021-07-10
2521,2211,541,161,2020-01-07
2522,2651,636,586,2022-09-22
2523,2631,2144,378,2020-06-14
2524,1943,1216,975,2020-10-19
2525,2404,718,424,2022-09-12
2526,1527,1279,270,2022-08-23
2527,1984,272,865,2020-02-21
2528,2604,3098,792,2023-11-19
2529,2975,754,379,2022-03-18
2530,1698,2964,283,2020-08-19
2531,1048,1362,219,2021-10-26
2532,1859,2263,986,2020-05-30
2533,405,2870,633,2021-08-05
2534,311,1584,397,2023-11-07
2535,740,2153,272,2020-04-03
2536,2555,1799,255,2021-06-13
2537,2057,1851,767,2023-12-25
2538,52,886,649,2023-05-10
2539,865,2329,331,2020-09-22
2540,1235,2946,722,2021-09-17
2541,477,2157,560,2023-10-28
2542,1735,2333,987,2021-05-06
2543,3070,503,205,2020-05-23
2544,1437,2571,893,2021-08-02
2545,284,1275,894,2023-04-01
2546,2142,299,453,2023-03-05
2547,441,1249,162,2020-07-30
2548,1441,2213,80,2020-03-07
2549,1600,573,972,2023-02-21
2550,2543,987,774,2023-08-04
2551,2729,2826,283,2020-02-25
2552,1759,1179,277,2021-10-25
2553,2039,2287,218,2021-01-31
2554,2846,2645,542,2020-11-06
2555,702,3075,128,2023-04-21
2556,3039,546,897,2020-05-17
2557,376,1063,326,2023-04-13
2558,2004,94,97,2021-01-19
2559,2187,598,149,2022-01-26
2560,505,2539,278,2020-10-07
2561,3080,1158,207,2023-03-15
2562,72,535,337,2020-04-29
2563,1810,1266,929,2020-02-17
2564,2086,1551,393,2020-12-10
2565,706,1043,459,2021-06-07
2566,1660,687,770,2022-08-06
2567,366,715,878,2023-10-05
2568,2162,2207,288,2020-02-07
2569,110,1908,834,2020-09-19
2570,3016,2031,777,2022-09-13
2571,2331,493,913,2023-12-19
2572,1253,5,782,2022-03-11
2573,1398,257,691,2020-11-02
2574,2517,2358,811,2021-10-20
2575,426,1399,625,2022-03-30
2576,1672,1948,107,2021-02-01
2577,1001,2480,891,2022-03-01
2578,1357,1982,676,2022-03-05
2579,2021,741,652,2022-07-02
2580,1993,1954,379,2023-11-15
2581,1388,1203,898,2023-04-26
2582,354,2490,259,2021-11-29
2583,2,780,931,2023-10-29
2584,1401,2380,783,2022-10-17
2585,604,620,464,2020-10-18
2586,625,84,690,2022-05-12
2587,1316,1228,244,2022-01-21
2588,1148,2165,317,2022-09-19
2589,1163,2361,29,2022-09-12
2590,1001,3073,830,2020-01-09
2591,2175,1410,236,2023-04-14
2592,1313,2980,920,2020-05-02
2593,1907,1266,430,2022-09-15
2594,935,2015,909,2022-02-28
2595,120,722,960,2022-12-28
2596,1567,478,350,2022-10-25
2597,1200,272,137,2021-10-04
2598,1706,826,235,2022-07-01
2599,93,2956,305,2022-10-21
2600,3086,2797,806,2020-12-13
2601,1763,616,978,2022-02-20
2602,322,2853,871,2022-04-06
2603,707,2696,403,2021-02-04
2604,2047,1884,179,2022-08-12
2605,797,2413,900,2022-07-02
2606,1082,284,609,2021-07-15
2607,2589,1166,31,2022-02-20
2608,1770,1036,476,2021-01-05
2609,40,2080,299,2022-06-30
2610,1678,3059,710,2023-10-08
2611,1228,2389,164,2021-05-18
2612,88,278,133,2023-08-14
2613,2658,1173,235,2022-01-18
2614,792,1409,459,2021-01-03
2615,1082,2472,302,2021-01-08
2616,2153,2059,359,2022-10-26
2617,1918,1102,298,2023-09-02
2618,880,328,106,2023-09-08
2619,1556,694,567,2023-04-29
2620,580,63,234,2022-03-24
2621,3093,1690,310,2023-08-13
2622,2672,726,60,2022-07-08
2623,338,666,908,2023-06-18
2624,1131,1712,905,2022-06-27
2625,373,64,835,2023-10-29
2626,3021,2056,928,2023-03-18
2627,1408,1187,775,2021-01-10
2628,1806,388,930,2023-09-08
2629,2642,2506,458,2022-05-20
2630,797,1646,726,2023-06-27
2631,849,872,150,2021-12-24
2632,2837,3097,596,2020-01-02
2633,1630,2775,228,2022-02-11
2634,2591,581,237,2021-01-19
2635,616,3030,394,2023-03-20
2636,1121,2532,791,2021-02-14
2637,234,1683,583,2023-04-11
2638,565,941,786,2022-12-30
2639,1471,1626,436,2023-10-23
2640,1638,117,633,2022-12-31
2641,2671,1257,239,2021-09-03
2642,2409,895,732,2020-06-15
2643,2227,2412,264,2020-01-10
2644,2348,933,942,2022-10-31
2645,1659,691,31,2021-06-09
2646,2865,2164,524,2022-02-16
2647,1704,1850,777,2023-03-09
2648,365,2050,320,2021-06-24
2649,75,1917,426,2021-07-17
2650,2213,1568,666,2020-04-16
2651,2583,1978,493,2023-07-21
2652,1086,2247,175,2023-08-09
2653,1195,2666,717,2023-01-01
2654,2646,2342,904,2020-06-20
2655,2698,89,747,2021-02-19
2656,1087,103,801,2021-02-11
2657,2883,2014,75,2021-03-15
2658,2107,1754,733,2022-10-18
2659,329,499,84,2021-12-01
2660,132,490,133,2020-11-06
2661,2704,1278,419,2022-08-14
2662,2553,1614,720,2023-01-13
2663,258,449,7,2022-07-30
2664,1546,2451,970,2023-03-27
2665,1540,1345,184,2022-09-16
2666,1012,802,104,2023-12-17
2667,3010,2846,346,2020-05-24
2668,479,1175,943,2023-08-02
2669,3022,1348,106,2023-01-21
2670,668,2015,237,2021-12-15
2671,432,2387,828,2022-02-10
2672,2724,1018,78,2020-05-16
2673,976,1213,788,2022-06-07
2674,143,518,483,2022-03-01
2675,326,2670,136,2023-07-11
2676,785,1499,696,2020-07-26
2677,2195,3032,966,2021-03-25
2678,215,1632,699,2023-12-12
2679,795,1708,355,2022-09-12
2680,2924,2261,28,2020-07-21
2681,2902,1137,433,2023-04-15
2682,1397,1518,618,2020-10-08
2683,986,2790,208,2023-06-24
2684,992,2825,833,2022-01-11
2685,589,377,6,2022-06-01
2686,572,566,829,2023-05-09
2687,2680,1326,241,2023-04-21
2688,1281,2510,923,2020-01-03
2689,1085,128,917,2023-11-04
2690,2503,2641,357,2023-12-16
2691,512,1954,961,2022-03-04
2692,1518,648,4,2023-09-20
2693,272,2772,274,2020-07-06
2694,6,1735,25,2023-04-19
2695,965,683,364,2021-10-07
2696,779,3100,739,2022-04-26
2697,2138,124,784,2020-05-13
2698,1321,3036,557,2023-09-12
2699,944,1421,436,2020-01-20
2700,347,2844,175,2022-11-26
2701,1644,2549,281,2023-07-16
2702,2893,2006,494,2020-08-05
2703,240,2139,35,2021-04-10
2704,767,348,568,2022-01-30
2705,1563,688,521,2023-05-20
2706,1794,178,10,2020-04-04
2707,1285,484,420,2022-03-20
2708,2846,901,37,2021-02-14
2709,665,1328,149,2023-07-04
2710,2793,2489,598,2021-03-07
2711,1977,2763,614,2020-01-27
2712,2359,1973,737,2020-01-12
2713,1651,2258,500,2023-05-21
2714,2773,2243,959,2020-12-08
2715,2848,931,203,2021-01-14
2716,1331,1397,332,2020-04-10
2717,2866,1286,887,2021-08-08
2718,2893,427,871,2022-06-29
2719,892,1587,178,2020-12-08
2720,1671,1453,909,2022-08-30
2721,1482,1296,892,2021-04-13
2722,2154,2813,121,2021-01-01
2723,2953,2362,153,2022-08-01
2724,1206,7,15,2020-02-20
2725,1783,1005,193,2020-03-21
2726,2824,2236,428,2021-05-12
2727,2778,718,721,2021-09-17
2728,1841,883,619,2020-05-24
2729,822,1370,585,2023-11-25
2730,2700,1119,82,2020-01-11
2731,2801,2859,359,2020-02-09
2732,1905,1199,991,2020-11-08
2733,2723,1012,535,2022-05-29
2734,652,517,513,2021-08-20
2735,1272,2518,853,2021-09-07
2736,706,1730,813,2020-09-07
2737,2319,1470,974,2023-07-03
2738,1286,614,68,2020-10-29
2739,1510,2621,298,2020-04-06
2740,2137,599,195,2021-05-01
2741,325,2292,710,2021-08-06
2742,2804,3054,373,2021-10-07
2743,676,1252,404,2022-12-27
2744,571,200,10,2022-11-18
2745,2824,2779,611,2022-11-08
2746,1786,2285,447,2021-05-19
2747,2531,2894,719,2022-10-30
2748,963,1733,775,2023-01-07
2749,1130,2372,729,2023-05-16
2750,1603,2481,326,2020-12-02
2751,1570,1435,725,2023-05-09
2752,2310,1334,709,2021-08-08
2753,1985,2960,858,2020-03-19
2754,1664,2893,132,2023-05-10
2755,1620,2371,570,2023-01-19
2756,2551,131,570,2021-03-09
2757,1453,2299,541,2020-02-16
2758,2831,2438,508,2022-05-23
2759,109,492,876,2023-09-25
2760,2683,1858,260,2020-08-11
2761,1394,390,351,2023-04-19
2762,2684,656,571,2021-08-01
2763,1562,1255,676,2020-08-03
2764,2653,2603,729,2020-03-22
2765,2561,2639,379,2022-11-02
2766,1685,2930,675,2023-07-14
2767,1660,130,287,2023-08-28
2768,2919,1558,882,2021-07-18
2769,226,1215,309,2023-05-30
2770,2021,208,500,2021-02-06
2771,1902,486,660,2023-03-16
2772,884,383,456,2021-11-20
2773,1040,536,656,2022-05-15
2774,1244,1277,356,2023-02-19
2775,2252,2067,277,2023-10-07
2776,2511,426,954,2020-02-02
2777,1750,2521,361,2023-12-09
2778,1844,2718,540,2020-06-02
2779,1664,1284,566,2023-11-24
2780,915,2792,310,2021-08-14
2781,2897,2320,135,2020-06-01
2782,72,567,959,2022-04-07
2783,2394,2291,611,2023-07-09
2784,742,1421,574,2023-07-01
2785,2046,22,577,2020-05-31
2786,1056,2520,577,2022-09-27
2787,1571,1963,494,2023-06-21
2788,2368,2917,571,2021-06-27
2789,540,1461,451,2020-12-13
2790,2862,1981,570,2020-02-27
2791,1263,1928,961,2021-03-24
2792,335,1602,110,2020-11-16
2793,174,1680,441,2022-03-01
2794,3011,2558,685,2021-10-26
2795,1713,2066,748,2021-01-31
2796,56,333,527,2022-04-03
2797,1104,34,763,2020-08-27
2798,1227,2588,444,2022-07-12
2799,2149,207,994,2022-06-25
2800,1404,1935,340,2023-01-22
2801,2046,1370,266,2023-05-31
2802,2090,378,463,2022-05-25
2803,1189,1073,887,2020-04-14
2804,1994,2373,835,2023-11-22
2805,1907,2053,510,2022-06-25
2806,1354,2869,13,2023-10-15
2807,2110,2566,705,2022-11-27
2808,3084,985,883,2020-10-15
2809,668,1521,354,2020-04-09
2810,2604,589,296,2021-12-12
2811,1613,2463,855,2023-04-03
2812,781,1639,196,2023-01-09
2813,147,579,374,2021-09-10
2814,1714,1464,32,2023-02-13
2815,645,2213,388,2022-10-22
2816,263,1830,693,2022-11-03
2817,2412,1674,426,2021-02-16
2818,2768,601,416,2021-02-19
2819,578,2810,680,2020-02-10
2820,2394,2737,447,2021-10-04
2821,2178,2501,485,2020-05-20
2822,402,1382,759,2021-03-13
2823,2850,151,36,2020-04-18
2824,1039,816,646,2023-04-12
2825,81,1701,48,2022-06-04
2826,306,63,934,2022-05-09
2827,1497,1518,311,2023-11-15
2828,2214,117,602,2021-03-27
2829,1473,455,535,2021-06-21
2830,221,1976,239,2023-02-11
2831,625,1124,245,2020-09-27
2832,117,2639,801,2020-10-31
2833,1054,2251,380,2021-09-20
2834,863,2492,236,2021-12-04
2835,2763,1,197,2021-11-24
2836,2783,1266,130,2020-04-29
2837,2090,291,171,2023-12-03
2838,2745,2885,479,2022-06-13
2839,1212,2515,9,2022-04-02
2840,585,275,866,2021-10-03
2841,866,2738,614,2023-05-05
2842,685,1945,159,2021-04-14
2843,313,2934,694,2023-01-24
2844,2281,352,450,2022-02-09
2845,31,2870,673,2021-08-06
2846,1486,376,55,2021-09-22
2847,2402,2861,411,2023-09-26
2848,2665,745,661,2023-01-25
2849,787,2999,596,2020-01-12
2850,2018,198,126,2020-02-21
2851,1797,2246,99,2022-11-14
2852,393,150,450,2022-05-29
2853,760,932,21,2022-06-28
2854,2670,14,157,2021-09-27
2855,1426,792,737,2022-07-04
2856,497,117,333,2020-01-25
2857,346,2130,421,2021-11-22
2858,1593,2767,996,2023-12-28
2859,2495,2664,436,2022-12-29
2860,296,613,914,2023-08-29
2861,1395,2334,699,2021-10-07
2862,763,1293,773,2022-08-03
2863,1173,1437,957,2021-10-25
2864,1999,3029,365,2023-05-29
2865,2655,911,718,2023-08-18
2866,2281,774,646,2020-03-30
2867,1745,2625,687,2022-07-20
2868,2752,1315,792,2020-09-09
2869,1985,3096,783,2021-05-30
2870,864,307,44,2023-11-20
2871,2039,661,279,2020-04-08
2872,2211,1549,311,2022-02-11
2873,2970,693,377,2022-03-19
2874,759,1186,142,2022-10-25
2875,1571,1717,420,2021-12-29
2876,1791,17,799,2020-07-20
2877,1023,2571,423,2022-03-06
2878,992,1457,264,2020-02-05
2879,1271,2328,320,2022-04-06
2880,804,931,710,2020-05-06
2881,1179,535,902,2021-12-02
2882,887,2392,426,2023-02-01
2883,1681,2678,214,2023-05-24
2884,2907,2982,462,2020-01-13
2885,842,352,458,2022-01-17
2886,1097,2395,332,2020-11-08
2887,879,223,663,2023-06-29
2888,711,937,936,2020-07-24
2889,2908,1592,485,2021-07-01
2890,1592,2012,608,2020-05-27
2891,3045,2769,992,2023-12-08
2892,1873,3070,213,2023-04-17
2893,28,2757,57,2020-10-19
2894,891,299,445,2022-10-06
2895,2728,1129,280,2022-07-02
2896,272,1022,628,2021-05-04
2897,1672,1841,367,2020-04-26
2898,838,247,691,2020-10-16
2899,1593,1761,719,2023-02-22
2900,2572,3098,998,2020-09-07
2901,1589,2533,265,2020-06-09
2902,1068,1360,140,2021-03-19
2903,949,765,937,2022-10-08
2904,1515,1678,84,2022-11-23
2905,331,757,486,2023-01-28
2906,2453,1686,737,2020-02-21
2907,259,3007,156,2021-09-28
2908,1811,1456,247,2020-08-29
2909,2461,1321,414,2023-01-09
2910,691,1013,376,2022-09-06
2911,1461,1608,989,2020-07-05
2912,373,895,545,2023-01-09
2913,2462,1727,403,2021-01-06
2914,1287,156,425,2022-02-06
2915,2957,1674,833,2022-01-04
2916,1003,2113,428,2020-11-24
2917,838,218,568,2022-01-21
2918,1982,1683,251,2020-10-27
2919,2485,2252,634,2022-10-10
2920,184,2820,944,2022-07-13
2921,2635,168,711,2020-01-08
2922,1447,2195,326,2020-01-20
2923,2337,2426,421,2023-07-03
2924,2713,265,921,2020-01-21
2925,2389,1299,355,2023-06-04
2926,1395,2175,931,2023-10-22
2927,2793,2412,75,2021-06-05
2928,1947,1405,304,2020-05-30
2929,226,1010,294,2020-05-17
2930,2981,646,265,2021-09-08
2931,2148,2644,1,2020-11-03
2932,1317,3047,403,2022-12-29
2933,1535,173,714,2022-08-14
2934,1262,122,236,2022-02-18
2935,1521,1645,76,2023-09-18
2936,1645,1748,569,2021-08-23
2937,1730,2724,310,2022-02-16
2938,3089,3065,618,2020-03-29
2939,156,207,826,2021-12-27
2940,1684,1371,189,2020-07-24
2941,177,2600,532,2020-07-23
2942,549,2826,518,2022-09-29
2943,1454,500,661,2023-02-13
2944,2285,1722,192,2021-07-03
2945,2179,580,339,2022-02-28
2946,521,2920,48,2023-11-07
2947,2956,733,563,2022-02-01
2948,580,1050,491,2022-01-26
2949,1518,507,173,2022-10-27
2950,2626,1160,220,2020-09-28
2951,1333,2,512,2020-08-23
2952,972,1453,213,2022-07-21
2953,2125,1684,24,2021-12-04
2954,1310,2903,132,2023-11-21
2955,365,427,722,2020-05-01
2956,1719,2373,279,2021-08-19
2957,1276,1838,335,2021-09-02
2958,3029,2608,758,2020-06-18
2959,1379,436,36,2020-04-28
2960,1927,2260,910,2021-07-05
2961,160,1630,161,2022-03-04
2962,2727,723,231,2023-05-27
2963,2199,2107,269,2020-09-24
2964,868,425,776,2021-11-01
2965,1265,2742,270,2023-06-09
2966,3098,1771,471,2020-09-26
2967,670,245,689,2020-02-28
2968,1046,1837,195,2021-11-19
2969,1422,1253,397,2020-07-01
2970,947,1810,164,2022-08-16
2971,2562,345,605,2020-01-18
2972,1400,2299,359,2023-07-25
2973,2581,1086,334,2020-07-21
2974,2500,2506,791,2020-06-30
2975,268,2801,582,2021-12-11
2976,2255,1345,447,2021-05-04
2977,1179,812,147,2020-04-25
2978,2193,1862,703,2023-10-06
2979,2872,104,189,2022-04-23
2980,992,2001,850,2023-08-29
2981,928,1867,345,2022-03-18
2982,2698,1686,220,2020-08-13
2983,638,2435,61,2020-03-11
2984,1271,191,605,2022-12-03
2985,805,1981,277,2020-03-23
2986,420,1395,745,2020-06-11
2987,1638,1733,107,2021-05-26
2988,966,1930,958,2023-02-15
2989,1281,1264,519,2021-05-29
2990,2287,415,909,2021-05-18
2991,387,1468,589,2022-01-15
2992,1337,963,447,2022-11-23
2993,2632,415,42,2022-03-24
2994,2234,1888,230,2023-09-29
2995,545,845,754,2020-01-24
2996,2256,1323,846,2020-03-25
2997,1192,2095,331,2021-10-11
2998,714,1443,808,2023-06-14
2999,2704,597,693,2020-10-20
3000,2638,2697,329,2022-09-16
3001,1148,2431,7,2022-09-27
3002,2995,1813,153,2021-11-07
3003,129,187,466,2023-12-14
3004,2136,1054,546,2020-12-31
3005,2668,1932,48,2020-05-29
3006,166,1200,315,2023-12-25
3007,1051,2584,146,2021-01-16
3008,731,2679,30,2021-01-30
3009,1789,1674,69,2023-11-12
3010,701,2674,399,2023-04-29
3011,1612,1671,970,2023-04-11
3012,1036,2733,687,2021-07-02
3013,475,2971,224,2023-10-08
3014,616,3038,667,2021-05-27
3015,773,158,395,2020-05-23
3016,2470,1065,1000,2023-09-23
3017,2057,2703,299,2023-10-01
3018,2591,1525,596,2021-09-05
3019,851,2306,227,2023-12-28
3020,2924,2942,485,2022-02-11
3021,1524,2067,655,2022-10-25
3022,947,351,110,2022-03-22
3023,2438,193,997,2022-07-27
3024,3026,2865,882,2020-01-19
3025,2277,1746,61,2020-09-04
3026,1537,2201,814,2020-09-07
3027,2873,1079,963,2021-10-13
3028,2956,1350,639,2023-11-28
3029,1132,1550,553,2022-05-22
3030,2306,2374,364,2020-10-12
3031,607,262,496,2020-12-02
3032,523,2855,833,2023-12-10
3033,1235,142,736,2022-08-16
3034,475,2921,658,2020-05-16
3035,1577,95,224,2021-01-02
3036,1188,539,778,2021-06-17
3037,2536,3053,665,2020-06-06
3038,2751,396,890,2021-08-08
3039,547,997,108,2021-09-02
3040,606,1720,350,2020-03-26
3041,1409,1730,278,2021-08-31
3042,532,2462,669,2022-08-15
3043,2130,1445,857,2020-07-15
3044,453,1400,341,2022-11-21
3045,1138,2755,330,2023-09-09
3046,855,2800,324,2021-03-18
3047,2152,1185,252,2023-02-26
3048,2420,1557,657,2020-05-22
3049,779,2625,502,2023-01-12
3050,2838,2856,239,2022-04-18
3051,2488,2169,396,2023-05-12
3052,1148,2306,612,2020-07-03
3053,1745,2027,943,2022-06-29
3054,1422,2387,254,2021-08-06
3055,1491,1911,785,2020-04-19
3056,780,2187,211,2022-03-21
3057,2906,1187,156,2022-09-03
3058,1902,2687,579,2021-08-12
3059,2913,2170,699,2021-01-23
3060,809,1090,544,2021-02-01
3061,2840,137,982,2020-02-06
3062,779,1432,259,2023-10-07
3063,1658,2012,611,2023-06-20
3064,23,1718,915,2023-01-10
3065,1062,1043,623,2022-09-07
3066,3047,65,351,2022-05-13
3067,3014,1909,84,2022-08-12
3068,839,1774,407,2021-02-24
3069,2715,1366,914,2022-07-02
3070,378,2357,658,2022-09-01
3071,357,590,543,2022-03-25
3072,1063,2271,952,2023-11-27
3073,378,393,342,2022-08-30
3074,3003,923,184,2023-10-12
3075,377,1739,910,2021-08-04
3076,261,669,665,2022-08-14
3077,2347,1976,43,2022-07-08
3078,2180,851,541,2020-08-18
3079,1916,2475,911,2021-05-13
3080,237,301,850,2022-11-17
3081,2778,1525,734,2022-12-30
3082,1750,266,604,2021-03-12
3083,1359,1166,225,2022-08-15
3084,1214,326,823,2021-11-17
3085,255,51,15,2023-12-15
3086,251,147,935,2021-05-05
3087,293,1382,209,2022-04-13
3088,2103,3073,83,2022-11-14
3089,1473,1202,924,2022-02-01
3090,459,1488,260,2023-06-25
3091,2054,2045,492,2022-08-12
3092,46,1975,510,2023-08-19
3093,171,2430,718,2020-12-15
3094,14,1017,773,2023-10-19
3095,368,1402,558,2020-10-11
3096,2823,1536,771,2023-11-22
3097,1064,929,315,2021-12-26
3098,2379,2360,912,2022-01-12
3099,1340,1056,825,2022-01-10
3100,2044,1464,840,2023-06-11
