orderitemid,orderid,productid,quantity,priceatpurchase
1,1748,187,1,790.02
2,430,1971,10,823.62
3,2263,892,1,69.47
4,1468,2665,7,420.01
5,15,1764,3,604.16
6,1493,2164,6,390.86
7,635,2546,8,464.01
8,937,2539,4,624.64
9,2249,368,4,762.92
10,2850,140,2,577.79
11,73,1732,8,41.40
12,3035,2791,8,295.80
13,172,1012,9,400.05
14,2055,589,3,949.23
15,2500,2121,5,372.09
16,2716,600,7,463.11
17,2437,422,6,111.17
18,1226,2529,8,686.57
19,897,766,6,199.77
20,620,644,3,385.65
21,1748,2943,10,606.69
22,1196,874,6,216.16
23,1704,1951,1,983.75
24,1760,2888,7,862.66
25,1392,2124,5,77.49
26,645,81,2,901.27
27,942,429,4,52.09
28,2550,2904,8,668.69
29,1492,2213,1,497.22
30,511,3030,5,677.87
31,2410,864,7,322.42
32,2742,77,2,228.34
33,808,1739,5,983.25
34,681,707,2,473.03
35,1466,371,9,997.17
36,723,333,9,178.79
37,788,2884,5,407.67
38,504,1134,6,599.35
39,889,2834,7,29.20
40,1389,2778,9,340.47
41,2413,3078,9,525.74
42,1528,955,10,750.28
43,1947,235,4,45.39
44,1471,411,1,624.08
45,491,32,10,235.17
46,995,153,2,233.66
47,1336,498,1,25.31
48,329,509,4,877.95
49,1468,188,1,909.73
50,1800,1193,1,79.22
51,1206,1194,6,270.43
52,1381,400,10,794.64
53,1171,1862,6,978.76
54,2555,2633,2,152.90
55,2079,3014,9,210.70
56,2481,2946,10,35.63
57,1510,1937,2,928.91
58,849,435,3,325.25
59,896,2494,10,724.60
60,1005,3079,10,214.80
61,1742,1550,3,315.17
62,462,858,5,143.89
63,2813,1881,9,726.89
64,762,1976,8,534.37
65,1278,1813,2,810.39
66,307,2010,5,971.78
67,1885,1167,2,95.61
68,1776,520,6,524.40
69,1347,2277,2,449.71
70,685,2737,2,653.63
71,2866,2270,4,988.10
72,1757,2450,1,192.63
73,1307,827,4,960.54
74,2574,1762,7,385.30
75,2831,2099,7,873.20
76,672,2089,10,362.54
77,2103,638,3,503.18
78,2135,1131,6,94.68
79,2879,1593,6,256.38
80,299,1328,3,769.14
81,381,2273,5,444.42
82,2527,992,10,259.62
83,1600,686,6,909.95
84,2078,180,6,497.32
85,1372,860,9,728.35
86,822,1535,4,213.67
87,2720,2871,4,228.34
88,870,1771,3,848.59
89,3,1867,8,613.41
90,2448,490,6,604.50
91,2539,1509,4,958.24
92,3054,2118,1,416.17
93,179,2053,6,357.29
94,750,749,3,515.51
95,798,2802,8,846.98
96,2910,520,5,675.85
97,2943,1025,1,912.98
98,553,2312,3,483.84
99,1527,2704,1,189.07
100,2562,1652,10,733.99
101,2650,2484,10,170.60
102,1142,1992,3,397.14
103,2276,299,6,851.40
104,1960,4,6,334.10
105,1200,486,3,327.60
106,2307,1717,8,776.02
107,2808,1196,3,492.57
108,470,961,3,242.78
109,2076,744,4,233.13
110,1212,882,5,214.29
111,2845,2610,10,891.05
112,1635,2931,4,801.55
113,1363,1616,7,96.61
114,818,266,10,200.67
115,1594,2853,3,389.54
116,2480,1776,4,85.67
117,1226,972,3,769.93
118,2316,1159,4,102.70
119,555,2162,10,523.12
120,439,3098,6,658.56
121,2078,1479,5,692.06
122,92,1432,3,833.66
123,1307,2947,7,483.41
124,752,3042,10,489.60
125,56,1170,4,82.04
126,1776,402,10,357.15
127,1732,189,10,471.76
128,2134,2875,6,551.77
129,588,1514,10,635.31
130,2135,1341,8,841.91
131,588,756,7,301.29
132,1748,3087,4,355.07
133,2619,1261,2,332.14
134,119,783,9,580.40
135,49,2389,3,713.48
136,1559,2866,8,545.35
137,885,2444,7,476.59
138,1715,169,8,493.95
139,381,10,2,854.18
140,1020,2661,1,123.73
141,154,620,6,696.92
142,2610,2924,7,495.87
143,1244,1789,1,867.62
144,127,3054,9,959.58
145,338,2354,3,610.17
146,1254,1648,1,977.07
147,1857,3018,5,830.45
148,2733,2738,7,384.28
149,1999,2554,9,161.00
150,1844,771,7,227.17
151,3066,1508,6,947.17
152,1249,396,7,458.58
153,1861,1249,10,107.33
154,848,606,5,603.98
155,256,1221,1,802.87
156,2746,309,7,593.69
157,498,1445,9,755.44
158,711,3,2,192.65
159,971,335,2,372.35
160,1178,2990,2,389.20
161,2117,312,2,254.92
162,2306,1270,7,518.00
163,2539,1016,8,500.88
164,2375,161,2,198.58
165,1,53,8,57.16
166,2576,2618,5,555.57
167,2819,1865,6,310.33
168,2032,1022,8,473.91
169,428,2158,3,223.41
170,456,2674,5,800.92
171,337,1999,6,392.84
172,158,1046,6,197.51
173,1647,872,7,355.71
174,1077,2269,9,724.92
175,169,1949,2,295.24
176,2723,1314,2,860.54
177,1841,2396,5,608.24
178,2348,1849,1,597.19
179,3000,1355,2,269.35
180,240,698,4,868.22
181,1965,3000,8,849.05
182,837,1740,1,932.55
183,1466,1730,4,546.93
184,716,1077,7,331.62
185,476,3029,1,896.69
186,1906,2268,10,233.56
187,1865,768,3,384.86
188,1549,937,1,393.14
189,1730,3022,4,977.75
190,1667,1081,7,898.24
191,966,1796,9,766.35
192,1000,3087,7,835.92
193,576,2157,3,308.13
194,280,291,9,341.80
195,3062,456,3,61.01
196,58,664,1,946.40
197,2942,2832,7,979.02
198,1070,2387,3,921.29
199,167,2206,6,82.31
200,1802,2565,3,809.16
201,2654,2223,2,978.89
202,2345,269,6,98.00
203,2809,225,1,84.98
204,1035,2967,4,546.20
205,864,1809,8,226.06
206,1043,2094,5,385.37
207,117,2550,5,63.96
208,1085,766,4,655.84
209,2956,941,6,736.74
210,2626,2265,3,71.09
211,1924,1797,4,37.84
212,2180,2168,10,205.38
213,1846,1970,8,687.04
214,2667,2655,9,591.11
215,550,1623,4,788.30
216,1717,13,5,66.48
217,1452,1801,6,902.23
218,1902,615,10,374.10
219,389,1979,9,590.90
220,80,2674,9,337.26
221,799,1780,10,538.98
222,553,125,7,116.72
223,2035,1386,6,458.61
224,677,2862,3,400.07
225,2527,1450,3,841.62
226,150,1291,8,886.35
227,2719,2421,1,767.69
228,2489,1267,1,840.33
229,725,2737,6,569.91
230,2635,2530,5,17.27
231,113,582,9,387.48
232,2819,919,2,747.62
233,1152,2851,3,67.81
234,2480,1503,8,792.90
235,326,815,8,175.66
236,1847,1032,2,762.75
237,2102,3037,3,486.75
238,1538,37,2,795.47
239,1092,225,2,693.66
240,3026,2773,5,292.77
241,1334,500,4,335.78
242,987,2132,7,492.55
243,679,3070,3,820.73
244,2143,342,9,582.38
245,1675,2408,5,314.99
246,1179,450,10,165.78
247,2726,3067,5,708.93
248,1503,1061,9,340.26
249,797,1068,9,654.01
250,1908,2079,5,583.56
251,915,2658,3,668.30
252,1461,148,9,724.67
253,1588,1051,9,820.84
254,2897,2749,5,89.21
255,3046,2448,1,361.11
256,2856,2991,7,782.68
257,3058,1870,10,24.24
258,1952,480,9,885.21
259,2947,1245,3,730.72
260,573,1598,4,870.83
261,2672,2385,5,513.14
262,2320,1370,7,582.98
263,1102,2787,2,265.72
264,2731,2691,5,230.76
265,464,824,3,839.64
266,88,660,2,258.73
267,1163,1237,10,232.37
268,2092,1208,6,705.01
269,138,2696,8,541.79
270,967,2849,8,91.89
271,2483,2715,5,154.06
272,1442,1448,5,632.15
273,2229,1235,3,929.79
274,472,205,9,422.80
275,254,401,4,652.92
276,1014,2960,4,583.47
277,290,2404,10,906.10
278,1370,2599,3,720.63
279,1868,554,1,757.67
280,2001,2251,8,387.50
281,2304,572,2,503.87
282,2550,275,9,872.84
283,2090,1246,4,671.57
284,2071,1132,6,992.43
285,1947,801,3,176.22
286,907,3031,8,796.38
287,1848,921,10,824.59
288,2142,279,7,480.14
289,1184,1314,1,946.37
290,2836,1646,2,98.85
291,1536,2688,9,672.51
292,1855,915,7,21.78
293,2340,1017,2,571.03
294,904,2963,1,761.13
295,1998,2733,10,594.28
296,477,625,2,456.28
297,2749,1643,7,553.24
298,2059,1260,5,583.95
299,2007,2198,4,778.56
300,1432,714,5,59.85
301,427,2530,3,252.38
302,1747,834,9,789.88
303,567,2299,9,284.62
304,1892,1138,2,110.45
305,2600,1728,4,243.62
306,2845,1740,7,261.70
307,2535,2201,2,720.21
308,903,2024,9,508.20
309,2637,1718,2,115.64
310,1940,1520,9,768.46
311,2088,1699,5,941.46
312,2774,329,5,584.22
313,1029,940,4,890.22
314,1741,514,2,533.69
315,2245,2078,7,573.03
316,1882,2652,6,18.08
317,2608,297,3,272.35
318,2566,2911,10,568.98
319,3084,1503,2,665.57
320,2778,2322,4,511.33
321,563,2071,7,361.96
322,659,1057,8,133.76
323,407,2232,10,628.17
324,945,2979,3,461.06
325,2831,2240,2,958.20
326,1258,2754,9,687.94
327,811,2834,4,734.40
328,1041,1961,3,284.40
329,2656,1013,10,210.27
330,1373,1506,4,11.44
331,1226,744,4,34.96
332,3070,3024,4,953.26
333,2822,398,2,280.04
334,1055,1952,1,900.90
335,1255,356,9,117.23
336,3092,1292,5,281.89
337,1147,617,10,866.02
338,1597,665,10,260.24
339,1060,2721,2,543.10
340,523,2297,5,33.99
341,826,706,4,839.43
342,2804,3072,2,83.13
343,601,540,4,911.99
344,2748,2160,8,648.79
345,2235,2095,4,240.91
346,594,2533,5,585.79
347,2351,694,5,674.09
348,1074,1279,3,585.22
349,1501,2380,8,99.39
350,1439,417,6,377.41
351,756,2053,6,660.65
352,1158,2622,8,962.52
353,1307,556,8,112.64
354,2466,2147,6,221.23
355,1143,1965,10,38.33
356,2673,306,6,767.99
357,1887,95,2,888.83
358,2208,337,7,41.54
359,2594,139,4,599.89
360,2585,338,6,700.35
361,389,824,2,233.14
362,2193,1746,4,777.34
363,2736,724,9,495.58
364,3076,1074,5,683.86
365,1290,769,8,691.67
366,1822,1507,1,606.54
367,2150,1744,7,883.97
368,496,861,10,583.87
369,2581,775,9,476.01
370,442,3059,8,270.53
371,28,1203,9,867.04
372,1429,73,4,855.68
373,738,334,6,110.66
374,2965,890,8,48.04
375,2835,1361,3,42.92
376,1808,708,2,22.92
377,535,2909,5,599.38
378,1165,904,2,34.58
379,1539,2260,2,544.51
380,2620,578,1,534.21
381,2792,2448,4,267.94
382,1908,899,9,942.09
383,68,3046,9,543.26
384,328,887,4,954.94
385,251,1042,8,565.24
386,2842,1677,6,376.24
387,340,1718,9,752.46
388,1960,2733,5,815.59
389,770,2497,10,335.54
390,2255,1924,7,575.41
391,1113,2819,7,779.67
392,2405,3095,6,372.37
393,1263,2679,2,537.54
394,652,1361,8,479.35
395,550,2869,6,174.09
396,2569,2541,5,758.68
397,2700,2513,2,715.98
398,2871,2791,5,587.29
399,2509,877,6,311.52
400,816,2348,8,901.63
401,605,1526,5,156.66
402,1447,2761,4,11.44
403,3096,2056,4,112.71
404,2638,634,10,748.75
405,367,2106,9,471.42
406,1919,64,1,863.20
407,1737,1577,5,534.46
408,1965,697,8,519.21
409,2880,2697,2,294.17
410,2662,23,6,953.41
411,1568,433,7,712.53
412,2639,2754,6,651.58
413,981,729,5,304.56
414,2213,997,8,309.12
415,1046,1971,8,131.68
416,1791,2918,2,538.69
417,913,74,1,638.22
418,1934,2833,7,417.76
419,2375,2856,9,531.04
420,1284,2425,4,262.29
421,2420,938,4,811.80
422,823,1274,5,893.08
423,617,327,7,32.42
424,1822,2839,4,871.82
425,1086,1807,3,557.18
426,2925,969,10,719.67
427,1355,3012,5,737.93
428,1277,983,5,972.03
429,1721,297,5,696.06
430,495,285,7,181.74
431,1854,113,7,138.62
432,459,1370,3,715.42
433,2078,2301,6,673.28
434,2555,1451,8,269.55
435,2695,1839,7,56.73
436,2777,864,6,813.38
437,2015,2570,7,364.04
438,2633,2600,2,741.87
439,2325,694,1,620.26
440,1754,625,9,598.06
441,1134,1230,1,261.01
442,1074,2966,4,741.50
443,1000,64,8,105.46
444,1092,1142,2,787.23
445,2707,879,2,111.50
446,2245,2439,8,76.50
447,2677,3012,6,372.74
448,917,132,10,195.30
449,1099,168,10,858.49
450,1541,1997,9,616.51
451,381,1050,2,17.07
452,2209,2187,8,20.61
453,394,2888,8,774.72
454,1273,1181,2,508.71
455,1571,743,8,709.79
456,644,161,8,138.43
457,2755,734,5,738.35
458,2657,2910,1,898.43
459,1559,362,4,899.75
460,1279,1371,3,345.89
461,3072,133,8,117.45
462,1285,1744,4,574.43
463,1845,1295,9,857.18
464,1395,194,3,782.95
465,1900,1468,8,123.25
466,1713,125,4,725.54
467,1777,2098,7,57.26
468,1114,1467,7,751.01
469,2690,2823,8,875.00
470,800,1365,8,857.39
471,2656,2720,5,522.16
472,1212,1667,2,597.02
473,1928,2421,8,938.60
474,3006,2925,2,836.94
475,2537,2116,2,726.10
476,107,2713,5,839.16
477,2053,2237,9,806.32
478,719,2242,10,678.36
479,399,284,7,164.84
480,1392,1151,5,47.73
481,2724,427,8,691.75
482,1577,137,5,507.69
483,2978,1540,2,490.14
484,1808,280,6,583.36
485,1880,2256,3,697.99
486,2675,1258,4,551.64
487,1915,1336,10,142.05
488,300,1476,2,31.93
489,74,1085,10,645.11
490,1870,2028,1,369.43
491,2440,3069,3,151.32
492,239,696,7,869.55
493,2857,2793,8,721.12
494,245,1625,7,913.54
495,2442,1524,4,274.50
496,2795,1551,7,406.51
497,253,1127,10,925.96
498,1910,102,6,753.12
499,1255,603,6,282.07
500,991,562,6,487.46
501,3009,1408,10,342.82
502,2899,2002,1,494.65
503,2385,3099,8,784.99
504,1018,222,2,880.72
505,1334,453,7,713.72
506,162,2314,7,983.06
507,2418,951,9,364.32
508,647,2604,2,54.78
509,611,2596,4,286.31
510,1960,2137,3,325.69
511,2128,1204,9,876.64
512,1807,2180,8,362.70
513,750,2683,2,607.05
514,305,1458,4,573.35
515,1507,1845,4,955.58
516,353,2540,4,735.89
517,2385,1590,9,904.05
518,2321,1767,3,785.58
519,3097,1855,6,295.62
520,1179,389,5,58.91
521,2110,1457,6,389.60
522,2236,2997,10,650.98
523,960,934,3,493.41
524,1064,515,7,99.80
525,2986,1665,8,139.78
526,2075,2591,1,943.34
527,1258,1508,7,123.77
528,2311,2137,7,286.59
529,1439,1803,7,159.08
530,2647,237,4,566.67
531,1778,2757,3,131.65
532,2733,1013,8,28.58
533,2598,751,7,982.66
534,1529,1930,1,640.40
535,2372,647,3,146.89
536,1950,764,10,294.74
537,209,1423,9,484.03
538,1907,35,2,492.54
539,2970,381,6,864.49
540,2491,2114,2,144.52
541,731,614,4,452.53
542,2789,1457,5,653.41
543,1302,823,5,388.42
544,1235,2303,7,979.34
545,2771,1888,9,503.56
546,2840,1544,10,834.49
547,1439,2214,1,767.96
548,1211,1789,2,909.92
549,428,2383,2,892.60
550,2192,1363,5,488.68
551,2556,2590,8,383.16
552,522,2679,2,69.38
553,1554,1853,6,635.70
554,2262,2066,1,717.08
555,1558,2370,8,263.63
556,3025,2913,9,169.62
557,1798,2977,1,973.93
558,613,2931,10,77.03
559,2693,1392,8,89.71
560,2509,721,3,314.29
561,694,575,2,276.69
562,1604,2531,3,861.37
563,1818,1900,9,696.95
564,2090,3083,4,477.17
565,1682,2675,2,984.83
566,897,220,8,243.38
567,2385,2995,8,853.34
568,2013,1157,9,130.10
569,1007,2655,1,762.04
570,72,2530,5,998.82
571,140,433,4,226.07
572,1294,1182,6,118.25
573,146,989,7,38.25
574,974,1458,4,539.04
575,654,2466,3,468.81
576,1214,440,1,965.01
577,2959,2680,8,696.56
578,270,443,4,801.14
579,2141,2135,10,673.82
580,2962,1202,4,911.65
581,952,2380,7,666.42
582,2251,911,8,294.89
583,2711,1221,7,53.92
584,926,2812,6,619.10
585,1898,156,8,900.67
586,1443,2983,5,211.19
587,656,348,3,138.17
588,1542,413,5,153.52
589,1467,2162,2,715.71
590,2326,1084,5,86.42
591,30,307,10,912.67
592,163,2099,5,436.48
593,2327,166,6,545.79
594,2330,351,1,283.28
595,903,1613,10,257.83
596,2786,1687,5,774.25
597,1112,2916,4,546.68
598,1664,1881,4,403.58
599,1966,991,3,839.39
600,2464,440,8,406.63
601,2011,2909,9,874.44
602,2736,1873,5,920.26
603,67,2898,8,26.15
604,541,3018,10,203.85
605,523,326,3,832.71
606,1578,1464,10,763.20
607,300,233,9,981.38
608,263,1945,7,518.31
609,1707,1062,3,589.63
610,2244,1642,10,888.05
611,1713,1970,2,578.76
612,2017,2224,6,415.77
613,280,1950,5,482.62
614,2029,97,6,894.35
615,294,574,8,803.07
616,217,2893,10,374.89
617,635,1910,5,700.37
618,1513,2284,5,157.14
619,2550,2022,6,770.80
620,367,2650,4,165.91
621,1987,997,10,519.04
622,44,2111,3,508.09
623,1820,301,5,746.67
624,747,2738,8,256.25
625,2935,89,1,148.69
626,2433,455,10,67.06
627,1914,1264,7,788.31
628,1117,1810,6,689.13
629,3006,2133,5,312.22
630,277,196,5,661.63
631,2247,493,4,231.88
632,1328,3082,4,910.40
633,2585,2050,4,452.82
634,962,1379,7,450.93
635,289,2409,8,638.71
636,1145,1167,5,343.54
637,2544,383,3,714.14
638,1780,1274,2,698.17
639,1998,2876,10,988.79
640,1384,2569,6,324.50
641,2274,1339,3,471.28
642,2410,2520,2,100.60
643,1149,2064,10,588.83
644,2552,1677,4,647.65
645,2329,652,1,496.47
646,1986,2993,4,540.51
647,1475,1680,8,877.06
648,1133,2117,5,723.55
649,2587,2764,8,170.67
650,1809,2166,9,24.60
651,1103,1038,4,372.88
652,1705,709,10,948.77
653,2418,108,4,654.32
654,1453,541,2,236.82
655,1060,2261,3,664.03
656,1189,242,10,836.08
657,2490,2884,5,636.12
658,590,2239,2,658.84
659,963,592,8,65.67
660,708,2647,10,468.58
661,2323,148,4,244.47
662,1983,33,9,75.88
663,1544,482,8,997.82
664,90,976,4,678.68
665,1750,2127,5,605.44
666,2335,979,1,797.76
667,2727,2067,7,316.00
668,2532,333,10,126.48
669,2929,2047,6,105.85
670,2763,2511,4,922.81
671,1462,299,9,88.20
672,3082,941,3,388.55
673,1683,843,4,831.46
674,2447,72,3,880.37
675,944,2802,10,393.14
676,1933,1207,1,923.31
677,1342,216,4,545.33
678,1252,2749,7,379.86
679,2321,430,6,728.38
680,319,389,5,71.87
681,2122,2579,1,911.68
682,1658,1541,4,706.14
683,601,1551,9,774.74
684,1039,2033,8,81.14
685,819,348,3,643.50
686,3003,2582,9,311.85
687,419,1554,7,234.14
688,2814,1124,2,646.95
689,1664,584,1,835.13
690,1687,384,2,409.11
691,1976,1688,10,20.23
692,2088,2912,9,738.22
693,1726,1855,8,899.45
694,1459,1454,7,218.46
695,1646,496,5,69.44
696,891,2481,5,433.07
697,282,1729,3,31.64
698,3000,979,9,696.71
699,1586,2069,9,367.71
700,651,2963,6,534.63
701,29,2040,4,852.61
702,432,755,3,532.44
703,2057,2550,7,337.75
704,894,174,1,930.66
705,1580,877,7,576.60
706,3040,826,5,313.94
707,1135,1386,10,736.03
708,918,1632,10,584.55
709,2477,200,7,584.96
710,1983,1341,7,574.27
711,858,1103,9,921.65
712,2148,2321,5,895.69
713,3037,2262,4,660.38
714,2782,797,8,858.83
715,2202,1189,4,647.99
716,2993,85,6,593.00
717,1050,1985,8,563.22
718,2665,1236,4,351.45
719,1901,2748,5,586.14
720,1032,1999,7,813.44
721,2702,1821,10,205.36
722,1207,1701,9,127.52
723,1574,383,10,667.84
724,774,1729,10,346.44
725,1627,2728,1,473.99
726,155,221,7,223.85
727,2104,2762,2,752.83
728,775,2091,1,972.10
729,162,2268,2,111.38
730,2434,1338,7,33.49
731,1736,926,2,686.44
732,1735,2601,6,26.97
733,1860,109,10,67.53
734,189,2746,3,204.47
735,1285,2675,4,530.20
736,2044,1889,7,25.55
737,821,2149,9,629.21
738,1225,380,7,929.50
739,1,2768,7,524.11
740,2700,2368,9,828.66
741,2695,1957,2,835.25
742,1384,2983,1,577.66
743,956,1215,8,669.08
744,1993,1700,3,107.05
745,3050,2499,10,465.88
746,1410,2231,1,526.75
747,100,2727,8,322.70
748,2263,1652,4,584.78
749,484,1983,8,780.55
750,2264,123,4,373.68
751,445,1959,1,998.65
752,780,890,8,927.43
753,42,2863,2,988.88
754,978,466,8,241.82
755,113,2779,8,845.33
756,2168,2825,4,865.43
757,1462,580,3,82.00
758,2853,2926,6,442.34
759,1957,1075,7,405.08
760,3090,1823,2,23.48
761,1019,2956,1,127.65
762,251,637,3,592.59
763,1699,1580,5,840.33
764,2703,1270,1,676.87
765,2160,2913,10,601.52
766,988,2495,1,770.96
767,2436,2967,7,306.92
768,918,1180,2,432.06
769,2083,1730,10,131.09
770,180,2960,5,866.34
771,274,2074,4,305.51
772,2092,820,4,23.68
773,2529,3053,4,328.19
774,400,454,8,609.23
775,1206,487,3,464.13
776,2011,2162,2,419.38
777,2792,1978,6,974.16
778,1707,914,7,329.78
779,2497,1003,6,141.50
780,2185,1422,1,623.00
781,2361,651,9,558.80
782,2356,2383,5,640.86
783,2858,866,5,44.59
784,1017,1987,1,203.18
785,2943,1448,5,685.70
786,775,1884,10,482.26
787,12,1848,10,540.52
788,1808,358,3,180.37
789,2192,2519,2,16.62
790,1615,2367,10,501.57
791,635,442,8,262.18
792,1027,2801,7,153.28
793,2244,1993,3,814.23
794,312,2893,10,169.02
795,735,1681,5,899.77
796,789,948,9,753.04
797,2985,2263,5,909.05
798,177,2371,10,315.09
799,757,62,1,746.48
800,1556,1344,8,80.99
801,1825,3097,4,672.00
802,2075,662,10,180.75
803,2343,2370,1,980.88
804,1069,836,1,982.95
805,75,2146,6,373.04
806,3067,717,8,757.68
807,1661,344,3,327.68
808,2610,105,5,604.25
809,1568,2862,7,164.86
810,2757,2689,7,986.30
811,2901,1486,8,892.72
812,1370,3021,10,221.54
813,2419,2778,7,522.92
814,1364,2361,7,66.64
815,813,1923,9,243.39
816,757,1855,7,753.60
817,135,2752,9,578.29
818,2549,2361,6,922.57
819,1403,2856,5,844.78
820,1799,347,2,733.93
821,2077,2984,9,181.25
822,2371,119,9,896.23
823,1017,2816,5,286.61
824,1669,677,4,964.99
825,1944,103,2,209.71
826,1815,2882,6,107.20
827,1572,577,2,256.17
828,2218,1197,2,637.97
829,1062,2118,10,489.07
830,2472,1504,2,998.75
831,1942,1949,8,594.02
832,1231,2029,3,869.81
833,98,3025,10,261.17
834,901,1726,6,165.83
835,2922,883,7,709.33
836,1277,1677,8,771.05
837,1870,1271,2,895.33
838,628,2176,8,959.39
839,262,2063,3,181.97
840,679,1281,8,211.71
841,243,1593,4,111.43
842,866,32,4,413.05
843,1322,607,10,885.32
844,1151,2633,4,294.08
845,958,2093,2,73.77
846,1530,422,4,323.54
847,2501,560,1,865.19
848,2364,2264,5,222.32
849,777,2106,6,777.51
850,1841,1053,9,579.17
851,2122,1741,4,193.69
852,1474,2170,1,194.10
853,1027,245,8,373.53
854,1918,1755,6,61.36
855,770,2224,2,137.70
856,2822,10,3,879.21
857,2540,3063,8,630.75
858,2564,1530,4,586.03
859,794,2894,7,818.79
860,41,954,2,761.03
861,2955,776,9,371.67
862,2670,966,6,831.25
863,870,2113,1,418.53
864,647,1439,10,838.16
865,2088,963,2,979.35
866,319,2498,2,117.38
867,1252,248,2,965.35
868,1146,2892,10,506.41
869,1916,2280,9,967.58
870,1106,357,6,249.45
871,2776,1787,4,240.29
872,1849,2392,5,95.15
873,2881,1105,7,721.51
874,1669,983,5,568.19
875,2575,2063,5,302.34
876,1884,950,8,32.44
877,215,1348,2,107.18
878,2860,1734,1,679.09
879,26,2802,6,648.82
880,130,1615,1,406.34
881,1528,2185,7,520.21
882,3041,1163,5,906.95
883,2849,2552,5,945.94
884,1655,448,5,661.58
885,2974,2811,1,168.58
886,2731,2568,5,849.06
887,1194,2233,8,990.19
888,1774,2968,9,117.81
889,835,1513,2,150.22
890,869,149,3,735.54
891,678,2151,3,748.34
892,37,3025,2,400.65
893,460,597,8,52.30
894,388,2005,3,275.43
895,2901,268,3,819.16
896,1019,1826,5,846.82
897,1763,2401,3,628.45
898,2796,2313,4,625.87
899,76,2887,7,228.40
900,2355,2187,8,490.50
901,384,790,3,348.92
902,2755,2186,10,637.15
903,2406,1824,3,14.81
904,1519,1267,7,896.88
905,2478,434,5,210.19
906,1302,2963,6,46.75
907,1033,317,4,297.58
908,2428,310,3,194.04
909,1073,2909,3,460.49
910,245,244,2,534.83
911,509,2359,7,750.01
912,1013,328,7,187.79
913,2368,678,3,141.26
914,2556,1807,2,657.89
915,2570,925,1,964.91
916,625,1513,7,634.47
917,256,1085,4,549.49
918,990,2203,8,840.43
919,266,175,3,224.95
920,1015,1222,7,972.33
921,712,1517,3,793.72
922,2528,1400,10,195.02
923,2196,1110,9,321.64
924,1523,3069,5,916.69
925,2884,2282,7,795.65
926,834,1429,8,506.22
927,2645,2265,8,13.23
928,1862,2732,5,290.19
929,2577,2190,3,698.31
930,2485,380,6,567.16
931,1003,2894,5,335.01
932,1992,831,5,446.89
933,2450,2165,7,30.64
934,82,1196,6,992.19
935,315,2822,5,320.10
936,2833,2320,2,458.80
937,203,1648,4,402.46
938,50,3048,8,352.70
939,1766,1227,9,317.84
940,2991,320,1,694.59
941,2937,1525,2,643.87
942,2109,949,4,929.90
943,1474,467,10,649.61
944,521,116,4,956.17
945,709,2047,4,534.86
946,768,3035,6,769.21
947,1584,2034,6,745.81
948,1409,752,6,414.58
949,1369,2221,8,859.62
950,2882,1151,10,232.95
951,2245,636,6,982.37
952,1989,1400,5,265.74
953,1658,659,2,35.43
954,1236,1931,5,20.96
955,39,1122,7,925.46
956,2855,2503,6,782.94
957,364,301,3,820.64
958,1635,115,3,413.66
959,2015,198,6,698.49
960,282,1586,6,14.32
961,1477,2110,6,242.87
962,2504,2224,5,69.96
963,1890,2395,7,395.38
964,2415,1219,2,662.87
965,250,2295,7,313.25
966,2106,1380,4,790.01
967,610,2524,2,466.36
968,1445,1570,9,549.81
969,692,1705,2,322.45
970,1955,584,5,476.22
971,2095,1350,10,775.71
972,1864,1495,4,838.60
973,1899,2492,3,40.58
974,1717,484,9,913.66
975,2272,1918,3,642.98
976,3099,2980,2,825.66
977,205,737,10,932.77
978,249,1686,10,225.62
979,179,2106,3,633.65
980,2042,625,7,605.76
981,342,1289,3,950.19
982,1017,2647,4,118.62
983,2862,1960,5,536.19
984,2974,1298,10,376.22
985,2438,150,8,114.70
986,1370,476,1,885.17
987,736,1106,6,777.15
988,1430,1185,1,851.39
989,2753,1594,1,912.67
990,266,306,5,411.42
991,1506,2034,4,282.59
992,2836,3006,5,585.43
993,732,1980,9,123.33
994,233,2779,6,152.82
995,2323,63,10,966.18
996,1425,1018,5,745.14
997,3065,2582,3,912.77
998,776,2222,9,290.46
999,2498,429,9,338.08
1000,1245,1286,1,509.11
1001,2552,2324,10,184.54
1002,916,1477,1,662.56
1003,911,774,1,234.00
1004,435,3036,2,910.99
1005,2158,281,6,775.66
1006,1562,2123,8,940.30
1007,1258,2694,5,804.55
1008,1525,1242,3,383.65
1009,1285,2530,7,720.44
1010,1563,1237,6,435.76
1011,2428,2304,8,396.72
1012,916,2126,1,995.10
1013,391,1257,9,903.43
1014,1357,1070,6,860.81
1015,996,1770,5,958.34
1016,2062,1130,1,411.55
1017,1078,1365,1,671.41
1018,2593,2182,2,705.44
1019,2487,955,10,338.42
1020,2210,580,7,504.82
1021,2247,1274,6,819.90
1022,1542,625,2,768.20
1023,1830,2310,5,906.08
1024,791,198,6,693.95
1025,3042,2593,2,746.69
1026,2954,1367,1,279.62
1027,1451,2871,1,48.02
1028,2377,10,9,107.53
1029,1465,440,10,522.86
1030,772,720,10,745.01
1031,1408,535,8,683.06
1032,2091,1213,2,464.31
1033,963,1452,5,688.69
1034,812,1963,5,41.20
1035,1716,1162,1,492.79
1036,1698,267,1,620.29
1037,1300,2254,2,188.78
1038,2441,2345,5,485.97
1039,1182,360,8,18.46
1040,2668,2968,5,443.58
1041,1746,1081,9,903.14
1042,2870,1972,6,299.76
1043,2031,1102,1,770.82
1044,1979,2036,4,495.65
1045,2100,902,4,108.84
1046,2096,2838,4,248.17
1047,2513,2156,4,532.06
1048,586,1114,5,332.42
1049,1794,944,2,452.52
1050,101,1226,5,662.10
1051,2029,3037,1,173.23
1052,695,2470,1,887.18
1053,2444,104,7,59.39
1054,2769,1761,8,46.40
1055,1906,3024,2,702.63
1056,1484,2977,8,887.12
1057,974,737,8,926.26
1058,2453,714,8,409.66
1059,2079,1133,2,627.56
1060,2463,1143,3,498.27
1061,1719,1873,9,447.78
1062,2496,2274,5,750.97
1063,639,721,8,194.47
1064,2644,2177,6,817.57
1065,2769,1941,3,897.17
1066,2408,2338,1,488.54
1067,754,739,8,187.94
1068,2388,2901,7,819.31
1069,2409,2350,9,811.41
1070,2588,1166,5,907.65
1071,2645,2779,7,948.27
1072,1304,2395,7,378.89
1073,2498,144,10,905.68
1074,1393,2157,9,943.15
1075,2522,2641,2,567.78
1076,1724,2030,10,418.52
1077,153,1815,6,698.95
1078,1278,891,6,930.30
1079,1379,1595,10,773.66
1080,1682,2208,5,763.87
1081,462,2858,1,680.92
1082,578,50,9,186.46
1083,2542,664,8,693.39
1084,2454,352,4,836.44
1085,1259,1578,8,596.82
1086,1700,1961,6,413.60
1087,1784,1735,1,428.89
1088,2975,558,10,581.95
1089,2491,1167,10,887.85
1090,1659,1872,9,525.59
1091,258,666,10,709.80
1092,848,561,2,544.56
1093,1517,3017,7,263.12
1094,1164,1534,5,875.21
1095,2378,2914,4,132.40
1096,1461,2314,2,472.33
1097,1630,1738,7,747.53
1098,838,2803,10,379.18
1099,116,2504,7,383.00
1100,1266,701,10,157.68
1101,1988,678,3,599.64
1102,1131,1367,1,230.78
1103,198,1750,3,67.22
1104,1782,146,5,279.73
1105,1411,1242,3,658.59
1106,1542,1771,6,355.36
1107,2089,2660,4,947.36
1108,1202,2816,7,958.36
1109,2208,2454,4,528.68
1110,134,2691,8,630.82
1111,65,1936,9,113.50
1112,1440,1340,3,171.48
1113,3037,249,6,62.87
1114,2048,1020,5,556.82
1115,218,2260,8,871.01
1116,2999,1572,6,935.31
1117,1631,3054,5,171.44
1118,2753,2429,7,68.87
1119,766,2448,5,43.75
1120,2974,2876,5,341.87
1121,121,708,2,853.30
1122,519,1059,9,157.00
1123,1441,2822,5,958.74
1124,1076,2180,3,892.82
1125,1909,2017,3,977.72
1126,71,2451,1,475.00
1127,1143,1562,10,663.99
1128,722,640,9,269.41
1129,2284,1261,5,51.88
1130,1929,2262,10,74.24
1131,330,2726,2,843.06
1132,1557,2008,3,765.39
1133,377,1214,3,856.17
1134,2441,363,6,778.07
1135,3041,1275,9,422.12
1136,1314,1972,9,451.81
1137,931,749,7,302.95
1138,769,1253,8,933.75
1139,1578,526,9,92.70
1140,758,628,10,903.02
1141,970,680,2,244.58
1142,343,2920,4,698.78
1143,153,1793,6,803.10
1144,597,2151,5,967.34
1145,2082,2396,8,672.32
1146,1015,1929,6,283.61
1147,3022,2639,6,500.91
1148,258,1401,3,468.99
1149,510,2633,8,324.16
1150,2031,2848,3,44.23
1151,1701,690,3,87.86
1152,908,2696,6,872.35
1153,2875,310,9,423.37
1154,310,1233,6,880.27
1155,1202,1913,10,390.60
1156,1267,3045,4,709.25
1157,1137,2208,3,247.00
1158,1358,745,9,504.43
1159,1921,1080,1,251.48
1160,620,851,7,682.70
1161,1354,2525,9,54.02
1162,2503,2096,9,805.68
1163,1797,2498,2,344.81
1164,1229,345,10,742.73
1165,1762,2639,7,660.22
1166,2115,342,4,591.59
1167,961,1847,8,881.71
1168,2633,1968,1,757.85
1169,1396,2444,1,499.17
1170,2285,497,2,702.12
1171,686,2417,5,957.27
1172,485,2853,5,697.58
1173,1450,2541,7,875.37
1174,1395,2715,9,981.24
1175,2203,949,6,802.00
1176,194,953,3,944.59
1177,94,2058,4,694.58
1178,2127,779,5,331.84
1179,3054,2056,8,978.87
1180,2809,699,2,212.72
1181,1270,232,10,809.61
1182,2431,2732,8,346.38
1183,2138,756,5,353.61
1184,218,2701,1,408.86
1185,1182,820,1,170.49
1186,1091,808,3,616.46
1187,1871,1651,2,476.45
1188,740,1340,1,474.67
1189,1478,2454,6,660.01
1190,1124,2688,7,763.17
1191,475,290,3,445.98
1192,131,1,5,564.05
1193,403,2490,10,211.05
1194,999,361,5,993.40
1195,2133,2606,5,829.89
1196,3067,1861,9,977.25
1197,27,2097,3,590.76
1198,209,1323,4,35.43
1199,1856,1571,10,56.09
1200,1538,1383,6,433.89
1201,10,88,6,412.42
1202,72,512,7,336.29
1203,1283,195,1,339.04
1204,129,1092,7,91.27
1205,2342,1794,7,602.69
1206,1102,872,7,741.94
1207,1764,1745,6,105.92
1208,53,1029,10,476.08
1209,2693,660,7,58.12
1210,523,1861,9,471.64
1211,186,1394,3,514.20
1212,1559,378,4,181.30
1213,2197,1264,1,947.51
1214,153,743,10,379.15
1215,1372,2024,2,282.07
1216,315,343,4,553.22
1217,181,1608,6,365.24
1218,2422,2817,8,854.49
1219,1726,2492,8,980.19
1220,1212,2464,1,876.46
1221,1867,2126,4,810.91
1222,780,2523,4,227.96
1223,113,262,8,760.74
1224,1489,6,5,918.38
1225,2532,237,7,902.05
1226,1381,1970,4,661.15
1227,304,2332,4,35.07
1228,978,777,7,883.91
1229,1086,2960,9,791.78
1230,1253,1881,2,201.68
1231,21,1700,3,442.54
1232,2,1084,4,249.05
1233,1635,1879,7,223.56
1234,2131,737,6,781.06
1235,1434,2703,8,364.44
1236,1626,1817,5,103.42
1237,1940,2494,3,77.68
1238,2808,242,9,68.82
1239,135,1961,3,936.39
1240,1857,2304,4,125.74
1241,2097,1961,8,84.27
1242,2494,1727,6,106.46
1243,2759,381,10,112.87
1244,304,2798,8,16.96
1245,1817,1502,6,76.28
1246,2970,788,3,387.01
1247,825,620,9,524.31
1248,1673,590,6,607.02
1249,267,1479,8,886.15
1250,1275,1243,6,480.54
1251,966,2064,4,554.10
1252,117,1693,8,932.94
1253,3037,1654,1,854.83
1254,2007,853,9,217.26
1255,789,162,9,490.91
1256,593,1048,9,571.65
1257,197,2341,8,456.86
1258,1095,265,6,551.68
1259,62,1997,10,181.10
1260,2961,2685,6,573.82
1261,1771,1330,1,207.02
1262,2095,1573,6,771.66
1263,1741,549,5,837.17
1264,615,2639,1,503.89
1265,1895,2179,8,506.65
1266,1987,162,3,693.25
1267,2296,283,5,91.59
1268,458,1308,4,783.14
1269,1384,1121,7,931.88
1270,3033,3023,3,961.95
1271,2888,2924,6,464.14
1272,1047,643,6,522.57
1273,570,2638,2,982.81
1274,391,696,6,623.46
1275,830,1505,1,830.04
1276,134,2792,10,30.23
1277,254,2819,6,100.22
1278,3060,2332,3,471.51
1279,1673,2769,6,895.74
1280,1668,2364,7,266.31
1281,2826,242,5,925.07
1282,1409,2154,8,761.86
1283,1923,358,2,13.95
1284,1119,998,10,52.10
1285,616,2729,10,855.20
1286,159,412,6,635.88
1287,1015,1253,8,420.94
1288,865,1524,2,763.94
1289,2184,1743,9,967.74
1290,2828,2087,2,216.86
1291,258,2350,1,447.03
1292,2227,1484,1,754.03
1293,1414,1254,6,924.93
1294,1284,1061,8,529.87
1295,2886,2284,8,873.26
1296,75,1174,10,191.67
1297,247,1518,10,761.56
1298,1568,436,7,365.70
1299,463,1431,9,397.88
1300,943,1913,4,858.78
1301,264,857,3,733.36
1302,1531,2189,10,656.31
1303,2051,1779,9,767.65
1304,2012,2631,7,783.70
1305,735,1885,9,155.29
1306,141,2175,3,664.97
1307,2259,2050,8,690.75
1308,1615,1529,1,758.96
1309,1544,2112,6,240.82
1310,824,1900,8,630.66
1311,636,2192,8,555.05
1312,2059,1576,3,350.24
1313,2097,755,8,793.30
1314,1445,890,3,870.44
1315,2694,1665,7,458.40
1316,2257,1701,6,244.82
1317,513,1578,3,149.96
1318,1686,1015,9,39.48
1319,2160,3095,9,357.18
1320,2699,825,2,50.11
1321,2328,2498,3,866.77
1322,1739,2514,7,734.32
1323,387,998,9,472.17
1324,528,704,6,788.64
1325,329,103,3,203.66
1326,1781,2167,2,687.27
1327,1284,1113,10,618.03
1328,607,111,6,178.69
1329,393,1129,8,587.47
1330,736,493,3,763.55
1331,165,3014,1,511.31
1332,2673,1768,5,618.43
1333,1327,2033,8,75.00
1334,1221,1180,2,967.22
1335,1064,2163,10,335.43
1336,782,2482,8,804.71
1337,140,1963,8,823.63
1338,2016,2048,5,283.69
1339,2752,1199,2,992.29
1340,225,1949,4,94.77
1341,299,1837,4,397.05
1342,328,1622,4,56.43
1343,1130,2473,5,277.92
1344,1044,2910,9,434.55
1345,1980,2413,10,681.43
1346,1412,273,1,187.06
1347,2393,2007,3,505.71
1348,2655,2951,9,197.71
1349,409,2039,10,560.78
1350,555,866,5,472.02
1351,321,2119,4,939.04
1352,2784,149,9,119.13
1353,2546,1856,8,474.92
1354,277,208,5,549.20
1355,204,1441,6,569.62
1356,2176,1164,3,357.06
1357,2089,3087,8,398.75
1358,2110,2790,4,693.34
1359,2220,1318,10,232.29
1360,1989,1883,1,444.25
1361,1341,550,1,233.50
1362,1045,1714,5,896.10
1363,843,1006,5,316.92
1364,1714,262,5,637.45
1365,348,922,5,379.71
1366,2839,1174,5,205.36
1367,2214,254,4,275.36
1368,330,3014,6,794.70
1369,1695,2175,5,41.13
1370,1134,1772,6,749.99
1371,180,1748,9,146.11
1372,284,2369,6,16.16
1373,1076,20,10,999.49
1374,1383,1426,3,657.76
1375,1326,1998,7,883.11
1376,1896,2713,1,201.83
1377,2379,366,4,38.35
1378,1631,573,9,250.90
1379,1385,1031,6,34.96
1380,2847,1878,4,159.20
1381,1449,562,10,326.33
1382,3045,1479,3,951.31
1383,2182,2204,7,376.00
1384,511,2183,4,812.68
1385,597,2207,3,800.27
1386,122,2075,8,430.56
1387,1502,212,10,687.33
1388,2656,428,7,47.27
1389,2581,2815,4,355.32
1390,1171,1728,7,774.37
1391,746,1722,7,853.44
1392,2282,1427,9,379.59
1393,1497,2231,1,558.55
1394,2247,296,5,316.15
1395,1045,1777,7,976.37
1396,2511,519,5,426.56
1397,1897,958,6,16.22
1398,997,1652,1,972.34
1399,1440,3041,2,778.19
1400,1136,2939,7,671.99
1401,1886,1603,2,766.22
1402,2399,2383,4,230.02
1403,1199,3100,5,605.61
1404,2505,1967,1,973.04
1405,2439,1409,5,479.25
1406,2338,2458,8,246.32
1407,1250,2886,6,590.46
1408,382,3077,6,493.12
1409,346,1277,9,393.05
1410,3029,675,5,146.55
1411,1527,2921,8,57.02
1412,2225,283,5,27.30
1413,2332,2201,10,459.90
1414,105,2611,7,918.44
1415,1329,1010,7,50.97
1416,2934,1759,7,943.91
1417,1743,1985,6,758.46
1418,2777,1960,1,738.33
1419,784,504,1,16.08
1420,3000,1351,6,782.82
1421,1429,3090,7,398.61
1422,385,2732,4,879.85
1423,1966,1654,2,146.92
1424,2472,1900,4,988.60
1425,1525,1882,1,407.73
1426,1895,912,2,819.37
1427,654,798,8,280.36
1428,1180,787,4,292.59
1429,1099,1406,10,150.67
1430,1251,2603,8,383.67
1431,491,100,4,585.53
1432,529,2624,10,136.32
1433,3071,1900,6,227.80
1434,666,2928,6,98.46
1435,2944,542,9,278.53
1436,671,2909,3,997.14
1437,1434,1903,9,895.88
1438,1866,1337,3,293.23
1439,868,2775,2,65.62
1440,1400,1639,9,943.79
1441,397,689,7,701.82
1442,547,412,7,678.63
1443,3089,2599,9,765.66
1444,2430,581,9,573.82
1445,3053,2857,10,971.49
1446,1285,1577,8,332.85
1447,565,272,1,693.58
1448,2793,1193,5,486.87
1449,2907,2072,3,46.84
1450,504,2452,2,320.06
1451,980,2482,1,302.83
1452,1985,1904,4,346.19
1453,833,2361,7,657.78
1454,2341,2399,7,80.26
1455,1911,500,10,242.39
1456,2367,2842,2,600.96
1457,1708,1902,7,802.71
1458,671,402,1,380.66
1459,37,1112,5,834.70
1460,1257,1264,7,949.65
1461,1198,449,10,560.98
1462,102,427,9,829.58
1463,1035,202,2,330.09
1464,872,2000,6,365.52
1465,2394,379,5,318.42
1466,1996,697,10,721.82
1467,2314,2134,3,270.52
1468,1932,949,10,304.66
1469,266,587,7,982.65
1470,2034,984,10,974.30
1471,1112,640,10,561.54
1472,1335,1793,1,334.10
1473,2098,140,2,239.72
1474,898,2665,8,94.40
1475,1026,893,2,723.52
1476,2807,1039,4,419.23
1477,427,1473,10,356.17
1478,2883,348,5,332.01
1479,428,1813,4,651.76
1480,299,2280,9,964.61
1481,1006,1316,1,535.72
1482,505,2611,5,100.85
1483,2988,929,8,436.68
1484,3068,1856,2,811.98
1485,533,1661,3,690.55
1486,1443,1920,1,596.72
1487,1824,894,6,179.62
1488,1495,2678,2,644.50
1489,2460,1012,10,969.52
1490,1953,2046,3,231.81
1491,880,802,1,170.58
1492,32,2017,1,347.17
1493,2047,2247,4,201.76
1494,1699,2020,7,613.60
1495,1409,1526,5,958.68
1496,845,1581,8,360.47
1497,1359,1469,5,757.74
1498,1074,2356,8,714.88
1499,758,2344,8,324.47
1500,2168,2187,6,851.10
1501,2723,876,7,830.71
1502,1800,611,10,711.98
1503,2933,2018,8,980.45
1504,761,2054,8,557.30
1505,472,2446,6,485.11
1506,1866,656,3,944.98
1507,2918,2030,8,19.31
1508,2484,1299,6,463.50
1509,3071,2815,4,509.03
1510,1698,780,5,211.48
1511,1050,1857,9,187.18
1512,1477,405,3,456.27
1513,37,1485,7,102.31
1514,2479,1855,1,522.89
1515,2290,952,2,979.30
1516,1334,2652,10,397.92
1517,969,1004,10,475.36
1518,3030,1160,7,797.87
1519,2474,581,9,436.27
1520,788,59,10,333.78
1521,1309,802,5,547.22
1522,2370,223,9,658.01
1523,1676,1860,9,486.26
1524,184,2881,9,574.79
1525,1635,2690,1,995.73
1526,692,731,3,656.92
1527,194,2516,4,844.08
1528,1972,1566,6,341.29
1529,2570,1506,3,620.69
1530,2762,2005,2,702.93
1531,848,28,5,953.63
1532,2986,854,6,396.12
1533,198,89,10,796.19
1534,297,2049,8,957.18
1535,1536,1065,9,134.61
1536,553,475,6,577.65
1537,3018,2164,10,738.75
1538,2028,2287,3,851.89
1539,1243,2918,8,580.04
1540,274,454,9,474.65
1541,576,802,1,378.49
1542,2076,1636,7,943.96
1543,1456,2386,2,692.51
1544,1638,502,9,587.09
1545,2410,1885,5,144.47
1546,469,1008,10,53.65
1547,2424,296,3,698.95
1548,1215,1785,5,167.11
1549,521,993,4,24.78
1550,1909,1328,2,574.11
1551,465,2568,7,376.97
1552,1132,421,9,59.35
1553,2228,1950,6,755.69
1554,782,2893,1,48.43
1555,645,972,2,453.35
1556,1600,1430,10,117.30
1557,361,2621,8,617.81
1558,1805,209,1,528.53
1559,2032,2674,9,939.96
1560,1036,159,9,28.27
1561,703,498,7,435.56
1562,2533,3098,3,429.64
1563,2175,2260,1,732.24
1564,2298,403,7,540.12
1565,2365,2200,2,358.68
1566,2305,2264,5,501.69
1567,688,2864,1,944.87
1568,1557,2882,8,257.08
1569,2587,1944,5,895.35
1570,1549,1934,10,66.13
1571,20,835,4,860.30
1572,887,1153,1,652.08
1573,2574,2185,3,49.82
1574,2139,1525,3,631.63
1575,1446,2504,7,273.00
1576,3021,2933,6,168.55
1577,2477,2053,2,967.23
1578,1370,846,5,568.35
1579,1769,2074,6,610.82
1580,1594,1303,6,112.33
1581,2509,831,2,594.06
1582,3041,2954,2,661.62
1583,1886,1755,3,653.62
1584,692,2244,8,868.55
1585,2117,181,8,914.45
1586,3019,98,6,335.13
1587,733,1406,7,170.09
1588,761,1253,5,630.59
1589,1358,1215,8,919.33
1590,1927,317,4,331.13
1591,1227,1997,8,183.44
1592,585,1689,6,86.88
1593,854,1620,3,583.62
1594,1860,1148,5,614.96
1595,1554,151,9,99.11
1596,367,2511,2,742.23
1597,3047,224,2,71.23
1598,1632,725,2,875.57
1599,2513,1995,3,522.39
1600,2855,2607,7,689.03
1601,2495,835,6,481.47
1602,2126,1476,10,158.15
1603,1439,775,4,265.23
1604,1271,1175,10,158.11
1605,2357,1393,3,715.41
1606,1366,1203,6,365.55
1607,242,92,9,505.89
1608,2184,413,1,13.10
1609,1079,1121,3,924.32
1610,1133,1047,1,914.64
1611,2537,1966,1,710.67
1612,2156,3017,8,679.29
1613,586,353,8,142.60
1614,2197,380,9,140.08
1615,884,1387,5,466.21
1616,2134,2072,8,188.30
1617,740,1567,9,787.17
1618,737,740,7,76.20
1619,703,1071,8,11.07
1620,2540,2813,1,80.77
1621,1445,2423,9,261.34
1622,2536,1562,2,409.75
1623,1299,245,4,428.09
1624,2641,731,1,442.28
1625,3098,1480,4,470.24
1626,2152,3088,3,844.51
1627,1639,554,5,59.34
1628,762,1236,5,527.11
1629,1729,474,10,302.95
1630,363,1785,5,832.40
1631,2752,966,10,531.16
1632,2185,1864,8,133.74
1633,2528,1452,9,74.31
1634,944,1590,5,873.51
1635,3047,1480,3,142.02
1636,500,1032,10,317.75
1637,2065,1574,2,72.36
1638,1458,1470,6,264.49
1639,120,597,9,204.71
1640,1443,1455,7,665.75
1641,926,1455,4,186.01
1642,3014,1786,1,875.75
1643,234,2923,3,336.37
1644,821,333,5,414.33
1645,2560,102,4,511.94
1646,2220,2000,3,624.78
1647,1906,2350,8,869.41
1648,1606,2763,2,420.17
1649,671,2907,2,720.94
1650,2514,86,10,382.83
1651,688,1218,6,696.36
1652,890,2293,6,591.02
1653,1400,72,4,259.68
1654,2002,2593,4,856.32
1655,979,1722,5,719.23
1656,2787,1979,5,961.09
1657,384,597,2,878.55
1658,1049,1008,5,115.40
1659,1058,424,10,91.67
1660,346,974,5,920.48
1661,2048,850,9,846.34
1662,1274,1104,2,79.40
1663,617,192,1,521.38
1664,2734,2585,4,181.89
1665,2128,2853,6,907.09
1666,2392,2411,10,836.71
1667,2745,1593,3,668.86
1668,2112,1592,9,630.12
1669,1700,1209,2,994.64
1670,2046,1724,7,932.27
1671,2002,594,7,705.84
1672,789,868,8,191.78
1673,2595,1240,7,601.41
1674,2106,995,6,113.89
1675,263,1754,7,807.34
1676,1477,292,3,949.43
1677,2759,1584,1,85.17
1678,1400,2366,6,855.96
1679,422,1598,7,57.19
1680,1040,161,8,849.86
1681,664,1028,1,374.34
1682,789,977,2,528.57
1683,1247,1144,4,138.11
1684,1855,1331,1,490.07
1685,91,2240,4,426.35
1686,1096,2587,9,663.27
1687,221,600,8,322.04
1688,157,42,1,19.39
1689,806,3092,9,57.79
1690,2973,3080,7,501.94
1691,1917,1572,6,188.79
1692,220,1850,6,83.80
1693,2673,523,10,574.56
1694,2745,239,5,341.89
1695,2391,1274,7,126.49
1696,1937,2841,5,254.09
1697,1451,175,10,264.47
1698,394,315,4,164.46
1699,2686,167,3,846.59
1700,2810,2922,10,783.68
1701,2210,640,3,634.53
1702,163,2145,3,513.56
1703,2793,2888,4,436.58
1704,1548,737,3,115.66
1705,1882,2715,1,731.46
1706,30,694,3,311.54
1707,2782,3007,10,11.49
1708,149,714,8,605.17
1709,2745,528,6,920.35
1710,399,1876,9,179.76
1711,869,212,9,865.46
1712,660,1620,7,537.48
1713,2627,610,1,316.82
1714,1844,592,2,18.48
1715,390,105,2,826.50
1716,622,2767,10,632.74
1717,1254,306,4,358.76
1718,1268,1983,7,245.63
1719,2836,1024,9,648.78
1720,680,536,10,219.36
1721,2637,1352,5,90.27
1722,2636,960,10,113.21
1723,2373,1704,2,253.66
1724,1126,658,1,483.05
1725,1187,2370,5,246.08
1726,2609,1995,3,786.57
1727,1706,2189,6,893.75
1728,1848,194,1,702.43
1729,1405,30,1,367.70
1730,2343,1788,8,292.27
1731,820,2134,10,183.90
1732,745,1274,7,544.73
1733,1994,1152,4,647.18
1734,3098,1886,5,443.44
1735,2577,2924,5,459.64
1736,2571,2830,4,20.51
1737,2356,730,2,209.66
1738,298,986,2,296.65
1739,1697,499,4,604.87
1740,2725,952,4,303.86
1741,242,2211,7,279.74
1742,2696,542,5,60.35
1743,1802,1399,4,97.77
1744,202,767,1,293.73
1745,1233,993,6,198.33
1746,534,714,4,508.22
1747,2238,1744,2,65.15
1748,232,2443,8,648.09
1749,1296,1694,2,13.11
1750,2582,948,3,987.35
1751,397,1487,7,100.45
1752,250,672,7,433.20
1753,181,1505,1,912.07
1754,1067,282,7,415.75
1755,156,608,7,50.13
1756,372,226,4,928.42
1757,1284,1436,7,370.06
1758,2367,2351,7,173.09
1759,2725,790,10,784.26
1760,1782,1814,2,319.17
1761,144,54,5,909.61
1762,2854,1679,6,149.75
1763,731,1693,1,236.15
1764,2327,510,3,646.23
1765,2940,2066,2,922.62
1766,660,61,3,738.72
1767,2182,2198,8,617.22
1768,2823,2874,1,305.27
1769,2480,1393,1,814.13
1770,162,2176,4,923.00
1771,1119,1341,10,584.22
1772,120,3052,6,628.45
1773,1380,2004,5,143.44
1774,1177,2142,7,100.41
1775,2126,556,9,874.70
1776,2758,1051,7,554.83
1777,212,3019,4,551.85
1778,345,1593,10,801.13
1779,2671,385,1,489.22
1780,1896,1634,10,844.20
1781,91,1228,3,407.94
1782,2032,735,7,202.26
1783,487,217,9,246.13
1784,2180,2759,6,784.13
1785,882,2363,10,895.38
1786,1122,1461,8,158.73
1787,1717,1880,3,931.29
1788,2749,1466,1,976.07
1789,95,594,8,637.30
1790,3012,823,7,69.05
1791,85,181,1,950.61
1792,2706,401,2,72.25
1793,818,2544,8,619.31
1794,203,2434,9,836.23
1795,534,2406,4,344.24
1796,2902,29,8,701.34
1797,298,844,10,648.49
1798,2016,2516,10,19.29
1799,2955,1820,10,538.49
1800,1410,540,10,520.99
1801,955,1919,7,471.36
1802,1560,2133,2,695.97
1803,593,91,2,161.90
1804,1458,841,6,674.58
1805,2330,1574,7,969.15
1806,979,749,9,359.52
1807,2946,158,2,147.90
1808,993,2426,5,110.45
1809,2860,2043,8,742.68
1810,1279,2211,7,944.92
1811,58,1774,6,207.29
1812,2743,1046,8,605.53
1813,3077,2430,6,295.38
1814,2568,2379,5,500.37
1815,1944,2282,3,306.09
1816,104,390,4,885.71
1817,423,2829,8,674.67
1818,2213,895,8,703.82
1819,2330,232,6,61.50
1820,2862,2536,5,241.76
1821,2670,1785,10,945.77
1822,1242,1292,4,941.60
1823,2765,1703,5,520.42
1824,459,195,10,70.52
1825,1618,2581,8,750.36
1826,335,2500,8,767.89
1827,2664,1995,5,414.05
1828,640,139,8,724.44
1829,3042,151,7,370.55
1830,2923,2951,5,706.56
1831,1277,1277,9,994.74
1832,2269,1573,10,345.86
1833,148,1844,4,759.88
1834,1800,992,5,743.22
1835,2926,1429,6,773.58
1836,2888,1099,8,653.40
1837,614,1872,9,441.35
1838,2160,2647,10,595.61
1839,679,625,5,895.41
1840,2005,898,6,544.19
1841,1350,1755,9,150.67
1842,483,659,6,522.71
1843,554,2947,6,75.25
1844,210,2948,4,520.41
1845,2636,574,4,935.98
1846,2020,813,5,26.89
1847,2511,923,1,459.48
1848,1737,2252,3,592.08
1849,1986,1743,10,961.72
1850,2339,1529,5,556.39
1851,1170,1667,3,95.95
1852,443,1442,9,970.14
1853,439,2016,9,844.18
1854,525,991,10,409.45
1855,485,2296,10,550.94
1856,2508,1372,3,250.95
1857,2689,184,5,122.41
1858,2114,1623,8,359.82
1859,735,2847,9,983.73
1860,2936,2936,9,807.89
1861,1444,1911,2,421.83
1862,596,2092,3,595.70
1863,1793,1782,5,995.52
1864,1385,2995,2,555.47
1865,1867,442,4,881.70
1866,2814,934,1,207.28
1867,1454,2844,9,121.90
1868,222,525,6,917.66
1869,1147,2533,9,726.34
1870,1405,2785,3,697.06
1871,536,1198,3,939.01
1872,1245,644,4,909.29
1873,2936,1244,4,736.05
1874,1024,572,5,72.81
1875,798,2295,8,614.30
1876,1236,1083,10,582.24
1877,218,13,8,456.58
1878,2763,1031,3,387.89
1879,618,2527,3,468.01
1880,2064,2027,2,786.04
1881,1103,227,1,851.86
1882,1185,1396,2,286.52
1883,1272,392,3,614.28
1884,2283,672,4,608.98
1885,268,2247,5,296.65
1886,3066,2361,3,471.12
1887,307,721,2,244.10
1888,90,887,1,626.96
1889,300,1231,4,252.94
1890,2067,2142,6,267.52
1891,2144,190,5,433.50
1892,483,69,2,422.78
1893,1904,1540,5,955.63
1894,431,2625,7,909.99
1895,2185,2228,8,438.01
1896,1084,1601,10,205.18
1897,13,2655,1,90.80
1898,2487,1865,5,681.57
1899,1213,1372,4,859.88
1900,2132,1537,5,261.38
1901,2708,750,4,977.70
1902,2964,1550,10,622.06
1903,1157,2621,2,813.71
1904,35,2693,2,738.33
1905,1000,2071,7,351.65
1906,750,709,2,811.41
1907,2611,1681,9,747.57
1908,1524,1545,9,680.81
1909,663,2039,10,955.74
1910,1708,685,3,80.81
1911,1587,2850,8,171.87
1912,542,2910,9,114.25
1913,944,310,2,575.68
1914,2069,2847,3,384.20
1915,2437,2006,1,238.29
1916,2804,1627,6,872.78
1917,2914,1321,2,875.04
1918,1031,2776,1,63.83
1919,2040,2249,10,672.14
1920,2937,537,4,295.42
1921,2298,651,8,467.16
1922,1185,24,2,568.64
1923,2875,1925,6,275.77
1924,1562,957,7,445.03
1925,2262,1499,1,229.25
1926,2329,1864,5,919.30
1927,498,594,2,402.01
1928,1368,99,8,819.58
1929,3044,749,10,605.24
1930,1207,1484,10,35.57
1931,3092,1372,6,549.24
1932,143,1496,4,895.60
1933,2960,1988,2,281.28
1934,2843,2134,8,243.74
1935,2091,1253,5,680.86
1936,1358,2503,3,447.11
1937,1632,1749,9,748.83
1938,312,1192,5,663.22
1939,2262,2793,8,596.26
1940,1855,2805,4,713.29
1941,2878,358,2,124.64
1942,2188,814,9,36.66
1943,526,1746,4,853.61
1944,1961,2058,8,236.16
1945,2866,2273,6,274.52
1946,239,2535,4,297.37
1947,1085,2362,7,935.20
1948,2097,2686,8,551.18
1949,2330,2660,7,405.09
1950,62,2933,6,324.03
1951,425,2701,9,930.43
1952,1765,1789,1,695.39
1953,682,430,9,143.36
1954,2111,1895,7,316.36
1955,931,1784,8,677.03
1956,2974,706,8,475.73
1957,1827,2304,3,22.89
1958,2052,2879,2,312.14
1959,310,1927,5,116.67
1960,26,1836,4,712.86
1961,2899,1336,10,298.10
1962,2930,169,1,677.10
1963,628,740,5,255.77
1964,1827,2675,5,135.05
1965,395,1755,4,955.57
1966,1639,949,6,861.99
1967,192,2687,1,904.09
1968,2383,1496,1,288.63
1969,795,2357,5,762.68
1970,558,2292,9,616.35
1971,3059,2707,8,48.40
1972,843,53,6,792.16
1973,1437,1375,6,673.07
1974,2491,25,4,807.45
1975,1457,2991,6,832.82
1976,84,1645,6,722.48
1977,2652,43,5,322.58
1978,1069,1260,6,13.74
1979,2361,1825,3,331.44
1980,2200,2611,8,857.02
1981,1909,2416,6,97.91
1982,1207,2994,5,368.56
1983,1185,1087,10,517.85
1984,1495,1464,8,974.88
1985,611,186,10,142.45
1986,916,265,1,492.09
1987,1936,842,8,92.62
1988,2208,412,5,244.95
1989,816,2000,10,694.39
1990,1896,529,8,357.80
1991,440,270,3,769.58
1992,835,131,2,895.09
1993,2571,2316,5,110.45
1994,2456,2881,9,126.37
1995,1320,1872,10,425.22
1996,2460,244,5,820.22
1997,1597,1313,8,869.57
1998,156,3008,8,728.32
1999,1435,1680,8,783.01
2000,1042,3029,4,17.78
2001,24,790,10,578.62
2002,2316,2993,10,560.99
2003,2288,264,5,549.26
2004,2378,893,3,606.71
2005,239,1925,4,425.00
2006,2948,1789,6,534.07
2007,1434,1838,2,620.95
2008,525,992,4,551.42
2009,2739,2493,4,68.16
2010,1926,1372,8,516.92
2011,1200,1134,7,548.65
2012,503,2184,7,177.84
2013,310,1467,1,182.67
2014,1134,2894,4,827.38
2015,2711,1305,6,919.35
2016,2952,819,5,343.31
2017,2876,279,2,769.87
2018,2523,145,5,612.31
2019,98,1971,4,549.18
2020,2025,285,6,126.73
2021,2055,469,3,730.78
2022,107,1391,4,987.70
2023,371,78,9,543.45
2024,1148,2643,7,484.59
2025,972,1655,4,840.21
2026,768,1148,4,727.53
2027,68,546,10,544.19
2028,680,972,4,55.84
2029,1322,2416,8,289.07
2030,395,2236,4,955.99
2031,392,150,2,941.67
2032,631,3029,6,12.39
2033,2350,1466,8,501.69
2034,31,370,3,729.95
2035,620,2188,9,283.75
2036,252,1018,4,421.48
2037,2595,2668,1,641.62
2038,838,2687,10,576.64
2039,1765,1617,4,757.53
2040,1852,1026,5,243.31
2041,122,2421,1,872.46
2042,2252,2014,7,299.54
2043,1339,771,5,511.39
2044,2059,287,8,216.02
2045,1966,2616,8,125.36
2046,552,2669,6,576.61
2047,779,592,8,63.02
2048,2803,586,1,470.66
2049,2902,67,4,561.89
2050,1722,1204,4,401.84
2051,1672,1832,6,22.09
2052,1763,2042,8,246.78
2053,2581,269,5,113.86
2054,530,2139,10,478.63
2055,1774,153,8,233.08
2056,2782,1858,4,933.12
2057,3045,2172,3,291.98
2058,1544,759,4,644.88
2059,1557,2844,3,866.73
2060,164,127,4,528.27
2061,2170,885,8,302.22
2062,2845,2419,7,293.62
2063,1742,2327,3,457.65
2064,191,1126,2,113.26
2065,125,2035,7,422.74
2066,642,2879,7,898.07
2067,1215,2891,9,88.86
2068,782,687,2,92.42
2069,2704,2635,5,86.72
2070,430,859,7,84.95
2071,1047,369,2,535.52
2072,965,473,1,570.91
2073,3040,2104,7,750.81
2074,2805,1370,8,618.28
2075,1647,2422,9,704.15
2076,1554,289,1,879.67
2077,1506,515,7,692.37
2078,3022,2648,4,493.59
2079,2914,6,8,119.09
2080,62,1400,6,505.10
2081,1292,295,2,632.94
2082,1227,2566,9,780.16
2083,1174,559,4,750.82
2084,2397,1795,1,718.45
2085,1491,1765,4,688.05
2086,2325,1378,6,823.00
2087,1846,1761,8,677.64
2088,1150,1329,4,485.24
2089,89,413,7,404.81
2090,1066,2304,9,740.88
2091,685,1475,3,250.64
2092,588,229,2,997.65
2093,2319,2300,3,288.59
2094,963,2835,9,476.16
2095,1471,2476,3,680.07
2096,1742,397,4,488.96
2097,187,2571,7,812.72
2098,938,401,4,606.78
2099,449,3021,9,410.11
2100,1673,1972,1,212.72
2101,788,1765,10,899.34
2102,3044,2514,6,653.06
2103,6,1792,9,680.59
2104,2643,1690,6,264.49
2105,730,2944,2,714.66
2106,3037,2345,10,170.12
2107,1390,487,10,51.03
2108,1626,808,5,895.80
2109,346,430,1,838.99
2110,2149,2645,5,251.91
2111,69,2248,3,25.76
2112,353,1313,5,841.19
2113,2561,2947,9,232.91
2114,2118,2403,5,812.39
2115,2193,1714,10,30.72
2116,2216,112,6,925.31
2117,2296,2164,9,597.08
2118,1618,2307,8,535.41
2119,228,1229,1,948.77
2120,3009,3000,6,555.89
2121,2721,2189,1,208.64
2122,593,1181,10,161.07
2123,1427,1136,5,225.94
2124,801,469,9,347.61
2125,3024,1287,3,842.08
2126,384,765,1,731.60
2127,2059,498,1,263.06
2128,2494,1123,4,155.02
2129,3067,88,7,911.02
2130,2978,656,8,651.97
2131,496,67,3,63.02
2132,2555,1563,4,645.52
2133,2326,2968,2,278.77
2134,2319,347,1,792.84
2135,1197,2538,5,770.30
2136,2861,1080,2,996.05
2137,1099,2980,1,281.35
2138,1438,1156,8,648.14
2139,1296,36,5,891.49
2140,135,2284,1,585.74
2141,1691,2481,9,114.46
2142,1581,1774,7,35.44
2143,497,1864,7,599.83
2144,22,655,8,803.45
2145,146,1806,9,392.11
2146,1911,663,8,708.99
2147,2016,2135,6,358.59
2148,1638,785,3,668.26
2149,2309,1131,3,283.84
2150,1038,2724,5,510.15
2151,648,2203,1,677.57
2152,2710,1433,4,502.63
2153,1094,2202,1,130.19
2154,738,1873,5,897.04
2155,2579,1427,8,643.38
2156,1159,2001,2,705.29
2157,204,1173,3,27.48
2158,483,2713,5,332.04
2159,2097,2252,2,719.87
2160,51,1846,2,397.16
2161,12,2105,10,484.93
2162,2871,504,10,195.09
2163,2077,3007,5,732.13
2164,1698,1095,5,463.81
2165,2439,450,6,912.52
2166,1288,2020,10,274.09
2167,2173,253,2,350.51
2168,1746,1437,7,821.50
2169,615,1419,3,638.12
2170,1161,2195,3,422.52
2171,3068,2012,10,860.09
2172,988,2504,5,348.66
2173,44,1601,3,520.81
2174,2198,569,9,593.33
2175,3044,2009,8,404.22
2176,3032,390,8,883.21
2177,1546,2101,10,815.87
2178,2840,2424,2,823.53
2179,568,2790,3,71.00
2180,1808,1102,2,192.10
2181,2059,389,9,738.58
2182,718,2652,4,847.37
2183,2899,1621,3,353.38
2184,153,508,6,943.49
2185,947,1513,3,587.58
2186,3050,371,9,716.25
2187,1607,2026,4,893.58
2188,1992,1337,6,242.32
2189,1638,850,3,59.66
2190,443,37,8,517.55
2191,1111,2611,10,175.43
2192,1596,866,3,743.83
2193,2654,2667,9,300.04
2194,263,1110,8,841.77
2195,3061,1034,4,650.12
2196,1704,2111,5,554.91
2197,1191,2318,2,11.60
2198,3099,1133,6,496.32
2199,1207,537,10,480.04
2200,91,1532,10,178.45
2201,416,304,3,244.78
2202,1621,2013,6,726.60
2203,2573,2638,5,131.26
2204,727,1874,5,189.62
2205,1889,1948,10,404.04
2206,2610,594,9,487.55
2207,1876,1357,5,813.16
2208,3058,900,4,856.17
2209,2728,457,2,249.92
2210,2813,3061,10,49.16
2211,62,2659,8,788.04
2212,671,911,3,996.24
2213,2140,2627,9,193.59
2214,570,2820,2,614.61
2215,3045,1566,9,565.83
2216,1,2356,8,952.61
2217,2287,753,9,953.99
2218,127,400,8,491.40
2219,1801,2563,3,436.30
2220,1808,1567,9,57.72
2221,1674,2514,4,995.63
2222,1563,813,7,337.34
2223,2740,558,9,378.65
2224,174,2449,6,419.46
2225,1468,568,1,70.34
2226,887,1952,10,543.61
2227,870,1929,1,254.09
2228,2467,1468,1,399.82
2229,3045,2189,2,380.24
2230,1104,1421,7,555.26
2231,2595,36,6,764.63
2232,1536,2361,4,720.11
2233,1338,418,8,780.99
2234,2615,1674,5,938.82
2235,1159,2713,2,795.51
2236,2484,2745,3,111.77
2237,2932,391,7,109.80
2238,1134,297,10,536.42
2239,2193,2740,2,770.56
2240,1996,2177,3,791.09
2241,2849,2090,1,463.58
2242,2740,2558,5,541.94
2243,1168,213,3,425.81
2244,1841,188,4,730.95
2245,2706,740,8,812.24
2246,2709,2116,8,984.08
2247,421,3041,1,831.81
2248,2130,1604,2,702.56
2249,512,1751,6,143.05
2250,619,2949,3,692.85
2251,2516,2177,2,729.33
2252,1396,684,2,617.98
2253,82,2803,3,790.16
2254,2248,996,4,487.53
2255,113,2202,1,497.12
2256,3043,2321,9,334.20
2257,495,786,5,599.55
2258,1015,2545,6,874.69
2259,404,2282,6,54.61
2260,2678,2728,10,333.34
2261,2843,359,3,470.74
2262,270,312,2,471.52
2263,2344,2962,3,434.33
2264,964,198,8,465.55
2265,2318,1780,5,226.85
2266,1111,2971,4,779.10
2267,879,2966,4,276.84
2268,368,2227,8,551.12
2269,1085,122,5,716.05
2270,2269,544,10,672.02
2271,2404,1029,7,964.87
2272,2892,559,8,862.99
2273,1375,1303,9,464.59
2274,1485,2984,5,244.34
2275,3045,780,7,793.42
2276,175,2468,1,21.56
2277,2113,649,9,322.22
2278,1298,1670,4,165.42
2279,1460,2840,6,561.91
2280,1635,1033,1,458.51
2281,96,3003,9,858.96
2282,2509,2852,9,370.93
2283,47,910,10,117.54
2284,2069,2821,8,689.08
2285,1633,701,3,994.42
2286,852,2281,8,895.55
2287,1583,927,9,979.44
2288,144,2222,8,145.53
2289,830,955,6,961.88
2290,1699,2421,9,382.75
2291,2623,2376,4,418.67
2292,1329,103,10,782.26
2293,508,1944,3,630.52
2294,2996,2928,2,944.77
2295,710,2391,4,532.26
2296,1345,1066,5,959.59
2297,1670,2084,4,278.64
2298,1216,1753,8,513.93
2299,1493,2086,6,997.57
2300,2959,323,10,456.57
2301,1964,1328,10,667.12
2302,1406,31,2,796.82
2303,638,490,4,358.23
2304,1466,2685,4,602.23
2305,1360,2526,7,971.00
2306,2828,2631,10,722.44
2307,2365,2008,5,578.23
2308,2885,2553,4,100.84
2309,2078,2024,6,918.96
2310,775,314,3,259.62
2311,3002,2581,5,51.59
2312,2700,2424,3,440.61
2313,53,483,4,365.49
2314,3067,45,5,99.21
2315,535,2634,6,160.89
2316,264,1529,8,908.95
2317,2310,1293,10,123.84
2318,2745,308,8,236.73
2319,1477,2623,3,570.76
2320,1234,1179,1,341.23
2321,2740,577,7,275.57
2322,1365,1715,9,973.10
2323,1567,592,4,404.70
2324,914,342,10,939.69
2325,168,451,10,493.51
2326,2420,1386,5,154.34
2327,1371,344,8,24.67
2328,151,1583,8,259.85
2329,2722,1158,6,228.13
2330,15,963,7,339.71
2331,868,532,4,393.13
2332,2360,928,9,14.02
2333,1315,1363,1,606.39
2334,1554,1640,8,452.10
2335,337,317,1,415.74
2336,2041,880,3,887.74
2337,2747,541,2,813.67
2338,1375,2691,3,475.07
2339,1624,2895,6,891.69
2340,2758,1945,9,842.39
2341,1990,1038,4,492.82
2342,1267,793,1,339.81
2343,2612,1467,6,371.51
2344,2648,1227,2,865.20
2345,2189,1104,8,336.75
2346,1931,1876,5,521.90
2347,3001,772,7,698.09
2348,1523,2681,1,481.57
2349,70,1358,10,935.41
2350,526,1235,10,647.30
2351,190,1876,8,764.13
2352,2109,2027,3,208.12
2353,834,870,10,128.66
2354,2724,1711,2,719.07
2355,1263,1031,2,850.14
2356,1161,1846,1,823.10
2357,2889,887,8,327.35
2358,2987,489,1,80.21
2359,598,1455,9,335.25
2360,111,1009,10,719.59
2361,1416,2746,9,351.81
2362,1336,2937,1,276.70
2363,1139,2647,8,579.42
2364,2352,2414,6,161.38
2365,714,1278,4,481.36
2366,217,245,7,464.12
2367,1078,1340,10,166.44
2368,2796,2140,3,712.69
2369,1975,82,4,391.75
2370,186,2868,5,194.16
2371,2551,2865,9,786.59
2372,1492,369,9,675.28
2373,2368,287,3,784.78
2374,2790,1789,6,136.98
2375,1144,2830,1,433.47
2376,2426,719,9,847.74
2377,2,595,8,756.11
2378,1045,545,9,381.20
2379,1780,484,2,545.88
2380,465,823,2,147.91
2381,2520,518,6,711.80
2382,3024,2457,7,381.01
2383,1408,2591,3,233.74
2384,1242,2880,4,160.14
2385,2718,1509,2,445.96
2386,14,616,5,726.23
2387,723,655,2,403.09
2388,765,1123,8,873.93
2389,695,1099,3,186.98
2390,1549,341,1,253.52
2391,2207,455,10,677.69
2392,1524,1262,3,292.13
2393,3098,313,10,949.72
2394,769,942,5,999.20
2395,500,1553,4,116.52
2396,973,876,2,502.00
2397,2594,2904,7,411.51
2398,2143,488,4,197.87
2399,1477,1834,4,552.45
2400,836,1410,8,285.26
2401,744,1065,10,454.35
2402,1024,2292,10,753.22
2403,69,2067,5,606.94
2404,2789,116,2,763.91
2405,929,1543,8,347.70
2406,717,1878,3,48.10
2407,1654,677,4,900.37
2408,18,1178,6,671.58
2409,2288,2481,1,760.56
2410,43,1963,1,609.69
2411,1130,1309,4,362.82
2412,1137,676,1,495.87
2413,506,1078,10,394.42
2414,1217,1293,10,699.13
2415,820,1680,7,689.67
2416,2339,114,3,593.46
2417,448,1457,6,670.06
2418,722,145,4,22.74
2419,2048,1013,4,961.83
2420,2127,313,4,359.88
2421,1682,1187,6,79.46
2422,616,2275,4,191.96
2423,2915,1443,7,334.37
2424,2254,2340,3,502.61
2425,2684,2753,8,241.21
2426,2346,474,4,975.94
2427,288,2742,2,391.57
2428,1394,2869,10,128.93
2429,1435,1393,10,869.70
2430,130,1,5,989.97
2431,1768,1179,6,960.14
2432,1128,2600,2,910.47
2433,2858,1390,6,659.17
2434,2288,2877,2,848.04
2435,3082,957,5,559.02
2436,735,919,2,491.28
2437,1623,58,6,56.79
2438,3027,1554,7,318.61
2439,514,2075,1,322.00
2440,2877,1556,3,507.68
2441,1650,2736,5,505.19
2442,820,639,9,180.95
2443,133,590,5,420.63
2444,872,1394,6,851.71
2445,923,115,5,965.27
2446,2347,1945,4,918.87
2447,3087,1702,8,860.07
2448,1986,1777,3,749.91
2449,2862,66,6,949.00
2450,2271,1387,6,998.75
2451,2112,2064,4,342.38
2452,933,2258,6,61.43
2453,1556,1333,6,710.80
2454,2888,1479,1,559.14
2455,1522,826,5,303.32
2456,139,1426,1,59.27
2457,1557,1140,2,871.18
2458,925,2202,6,593.45
2459,1713,1852,1,202.33
2460,235,1121,8,671.08
2461,2279,2294,3,65.85
2462,1311,3097,1,398.22
2463,2323,2108,1,18.45
2464,886,2721,7,118.45
2465,423,2009,3,123.87
2466,2060,2824,2,853.58
2467,1652,1909,10,557.84
2468,2161,1506,7,648.65
2469,885,1185,1,677.21
2470,1385,999,3,995.17
2471,1854,517,10,539.90
2472,3095,86,4,297.88
2473,776,814,9,20.07
2474,1887,2308,2,153.97
2475,33,541,10,56.67
2476,2350,2634,8,92.10
2477,419,2161,1,799.73
2478,1443,628,3,409.10
2479,1318,1764,10,452.63
2480,749,2448,4,869.05
2481,828,350,5,85.83
2482,2309,2859,10,109.01
2483,170,3050,10,10.71
2484,1608,2249,3,720.10
2485,164,2590,10,277.32
2486,135,2878,9,735.94
2487,2733,1944,3,378.94
2488,2271,2117,8,607.49
2489,3084,120,1,846.39
2490,2656,1007,10,730.13
2491,1905,3042,8,44.12
2492,3042,2398,3,611.64
2493,1331,2516,6,956.51
2494,356,653,3,318.99
2495,2887,2568,7,55.53
2496,1708,1602,9,721.28
2497,1330,963,10,236.66
2498,1081,965,2,274.14
2499,2253,2144,10,850.18
2500,2169,353,7,542.26
2501,1649,681,10,610.55
2502,1941,2079,7,924.25
2503,543,2020,8,525.49
2504,2308,640,10,497.72
2505,2740,2671,6,352.55
2506,1968,1219,7,214.65
2507,2120,2090,5,493.02
2508,2941,1051,1,670.85
2509,541,338,1,879.78
2510,881,1745,5,475.38
2511,123,554,1,263.82
2512,2124,1782,6,398.54
2513,336,26,7,987.73
2514,3097,2780,2,150.21
2515,2671,1898,8,456.27
2516,2243,2393,2,582.02
2517,1388,232,8,175.26
2518,1898,533,4,837.56
2519,1800,776,10,876.90
2520,3047,2069,4,730.93
2521,1080,2338,8,602.00
2522,696,2631,7,654.16
2523,2702,986,1,937.49
2524,1627,2228,5,928.54
2525,2924,1536,10,594.75
2526,1149,1390,8,66.59
2527,2440,1059,3,127.35
2528,1669,1687,6,938.06
2529,2315,952,7,777.63
2530,699,2927,7,903.99
2531,323,2563,2,736.41
2532,718,2155,6,629.51
2533,2034,1483,6,240.82
2534,2958,1588,9,426.84
2535,2088,521,10,996.90
2536,1208,517,4,308.48
2537,126,2614,3,705.67
2538,763,1328,8,929.90
2539,1772,2901,3,487.90
2540,801,2666,5,654.68
2541,891,1848,1,867.03
2542,2678,143,7,813.96
2543,2434,283,9,403.75
2544,978,1359,7,598.03
2545,567,1544,2,838.87
2546,2627,2473,2,294.38
2547,1772,209,3,815.38
2548,393,2652,7,915.51
2549,1671,1575,7,558.10
2550,715,1105,8,788.95
2551,1049,1912,10,844.50
2552,1383,2439,5,104.98
2553,2635,2790,6,378.28
2554,1442,1903,10,279.77
2555,2459,658,2,912.81
2556,2256,101,9,176.86
2557,82,877,8,679.27
2558,2513,625,8,179.58
2559,19,1909,7,722.75
2560,2556,2816,3,993.41
2561,362,2256,1,348.65
2562,1293,2964,8,218.94
2563,789,74,2,83.51
2564,2821,2815,4,44.12
2565,1505,3007,5,100.20
2566,1866,232,3,630.23
2567,2892,2385,9,208.02
2568,1638,686,1,446.85
2569,791,368,9,331.00
2570,1243,1608,9,289.97
2571,1972,469,2,889.20
2572,1122,469,1,882.28
2573,1311,2521,5,410.66
2574,2841,1197,3,88.38
2575,2901,1084,4,811.63
2576,210,1097,9,394.71
2577,1883,1919,5,624.10
2578,700,782,2,509.39
2579,3003,204,4,827.22
2580,1725,436,9,627.32
2581,921,2627,9,615.28
2582,639,3041,3,467.17
2583,1964,1377,5,365.23
2584,2924,604,10,597.71
2585,1138,2941,3,542.83
2586,81,2731,9,180.38
2587,969,2965,7,324.45
2588,2931,1603,9,926.86
2589,2740,1070,2,538.84
2590,2367,793,2,419.41
2591,3050,1857,3,644.59
2592,1592,1967,8,144.58
2593,1947,270,2,281.15
2594,793,1251,10,432.95
2595,1785,106,6,706.15
2596,1841,1846,9,908.79
2597,354,1557,8,263.46
2598,310,1490,8,139.89
2599,234,1990,2,39.43
2600,2123,2985,6,400.67
2601,540,2656,9,257.85
2602,2778,1091,6,252.60
2603,809,373,7,49.26
2604,1688,51,10,281.47
2605,3083,3025,4,628.43
2606,401,2852,9,630.64
2607,917,555,4,347.58
2608,2146,213,6,202.16
2609,1122,2492,7,847.80
2610,858,2437,10,533.86
2611,842,2300,4,600.14
2612,2101,2242,9,566.13
2613,1133,1752,1,744.22
2614,710,1,4,74.63
2615,670,346,5,822.53
2616,318,131,2,790.64
2617,928,2911,8,915.20
2618,68,1100,9,727.93
2619,1270,1674,9,325.39
2620,2116,668,3,688.65
2621,710,2082,1,171.97
2622,2524,73,4,669.14
2623,770,1603,7,999.41
2624,744,2722,4,864.97
2625,997,2935,4,189.36
2626,2491,2939,2,707.11
2627,61,11,9,185.74
2628,2356,2051,3,952.57
2629,886,1325,4,358.43
2630,118,2239,8,648.87
2631,3020,1158,7,477.13
2632,1861,2783,2,227.70
2633,2905,311,5,821.70
2634,1950,1271,9,303.25
2635,929,289,3,922.71
2636,2794,2245,3,33.52
2637,603,3067,9,676.28
2638,2235,1408,6,205.37
2639,1880,714,5,309.48
2640,823,1722,3,234.83
2641,2949,654,5,307.18
2642,1690,3068,10,753.78
2643,2895,2859,9,142.40
2644,110,2693,7,369.05
2645,1280,2636,4,256.03
2646,1787,1639,3,444.62
2647,592,2450,10,502.42
2648,365,2028,1,905.23
2649,2154,280,5,151.01
2650,2168,2867,1,993.43
2651,2914,1744,10,352.37
2652,2621,1091,8,603.69
2653,825,358,1,522.61
2654,3029,1714,10,70.67
2655,274,692,3,80.20
2656,502,471,7,405.18
2657,222,761,7,482.88
2658,1864,1002,4,461.42
2659,3070,63,9,711.90
2660,2613,1319,8,137.34
2661,2270,1541,3,21.59
2662,13,1928,1,300.60
2663,340,1380,7,960.56
2664,2077,346,2,31.12
2665,1173,2540,9,825.27
2666,2713,2013,1,484.28
2667,708,858,2,743.12
2668,943,1472,6,971.68
2669,1808,1194,8,389.36
2670,1770,1682,4,984.91
2671,2093,1108,4,158.83
2672,1737,1498,5,401.05
2673,1542,424,3,312.72
2674,2341,1519,6,339.53
2675,1099,2668,2,986.96
2676,2699,1056,5,553.94
2677,3026,2055,2,217.23
2678,1263,1021,2,647.42
2679,602,1763,5,732.55
2680,1678,2419,5,277.66
2681,470,2525,7,963.12
2682,2475,2007,10,366.30
2683,589,572,1,519.03
2684,2426,948,9,894.83
2685,2068,1441,1,217.01
2686,2313,71,9,880.90
2687,2894,206,4,421.39
2688,602,1579,1,907.37
2689,1124,3016,3,853.74
2690,3080,1140,10,325.57
2691,2190,1512,3,259.50
2692,426,2958,8,553.62
2693,406,870,7,977.96
2694,2318,2101,8,937.94
2695,2768,2328,10,861.05
2696,2961,2791,3,749.38
2697,2261,2755,9,191.33
2698,2598,3052,7,144.58
2699,2145,429,10,320.98
2700,165,1189,5,880.59
2701,1101,249,8,622.60
2702,1855,1182,5,318.82
2703,203,1667,3,134.70
2704,1634,2294,5,637.81
2705,1839,1142,4,118.05
2706,3064,1776,3,873.36
2707,709,2462,2,125.99
2708,2571,770,8,245.08
2709,1226,1904,10,913.38
2710,2857,1392,5,676.07
2711,370,2204,10,643.10
2712,1052,91,9,183.54
2713,1798,1252,7,903.67
2714,2378,571,8,443.07
2715,1424,168,7,911.71
2716,2383,1170,2,317.36
2717,1584,490,8,178.62
2718,1719,2618,9,748.74
2719,2808,716,9,337.45
2720,889,1350,9,744.34
2721,315,1934,8,98.03
2722,879,2494,6,281.32
2723,39,2886,1,461.69
2724,2437,2061,10,744.85
2725,2174,533,2,179.80
2726,2182,884,4,853.37
2727,2957,348,8,799.34
2728,1171,3080,1,601.47
2729,2833,1808,10,798.72
2730,140,606,2,651.01
2731,2727,2260,8,203.45
2732,1946,1904,6,923.11
2733,161,522,6,266.54
2734,3041,2368,3,863.46
2735,787,1926,9,967.44
2736,392,2890,5,619.63
2737,2702,11,5,632.16
2738,1446,2435,5,869.05
2739,1190,2052,9,277.47
2740,1549,996,4,96.78
2741,1872,1333,4,553.79
2742,2842,217,7,760.38
2743,532,200,7,591.51
2744,1369,91,2,229.69
2745,170,979,5,731.90
2746,2600,1158,4,517.22
2747,1164,1076,9,562.55
2748,2474,2471,5,330.30
2749,1581,453,6,774.68
2750,939,2433,4,347.27
2751,466,1871,6,255.47
2752,3042,1977,6,923.19
2753,824,1186,2,106.89
2754,3074,1683,9,750.15
2755,2637,2504,10,243.79
2756,337,1003,6,70.25
2757,1125,2137,5,882.11
2758,2812,839,6,613.59
2759,2548,430,3,185.02
2760,530,1392,7,947.56
2761,2468,3028,8,272.01
2762,1355,2404,1,499.24
2763,29,2122,6,564.12
2764,998,2263,4,354.34
2765,2146,1810,2,801.52
2766,469,801,10,544.59
2767,63,142,2,716.46
2768,330,1010,5,289.96
2769,1585,321,5,720.37
2770,1236,971,7,512.92
2771,2347,1865,9,675.56
2772,2538,2477,8,423.78
2773,581,2902,9,825.27
2774,274,2332,10,197.39
2775,1340,2840,8,322.09
2776,903,2347,9,395.36
2777,546,2444,6,338.63
2778,665,1248,6,143.43
2779,2362,1264,4,792.98
2780,1201,132,3,418.90
2781,2509,2483,6,359.02
2782,2994,1445,10,251.16
2783,1868,440,9,629.05
2784,3085,1047,3,934.58
2785,2717,185,8,671.60
2786,3055,1733,7,614.16
2787,3027,1507,10,735.41
2788,1570,2722,3,400.14
2789,673,633,2,314.89
2790,595,949,10,675.15
2791,2786,409,4,93.18
2792,2107,2332,3,290.35
2793,1738,2769,5,550.54
2794,1702,2358,9,855.26
2795,1246,98,2,581.00
2796,2296,699,8,558.20
2797,2099,939,6,437.11
2798,3078,2144,10,765.08
2799,2371,929,7,728.14
2800,819,316,8,187.48
2801,2397,2554,9,863.09
2802,2382,807,1,438.04
2803,2241,3053,10,415.95
2804,117,2046,9,430.19
2805,1449,1137,1,43.60
2806,2496,690,7,29.51
2807,613,1806,8,754.56
2808,2163,2016,1,549.70
2809,2259,2343,2,574.98
2810,3030,2603,9,402.28
2811,37,1161,5,971.08
2812,1296,991,5,410.48
2813,300,2463,4,432.97
2814,719,2782,5,896.87
2815,246,2076,7,433.94
2816,522,647,4,866.73
2817,2366,2144,7,87.99
2818,2759,1600,8,879.40
2819,1290,315,2,793.21
2820,1420,599,3,61.07
2821,1841,274,6,406.66
2822,1670,355,6,46.64
2823,524,94,6,904.37
2824,1684,2069,8,379.00
2825,761,1137,3,96.61
2826,1347,1012,2,618.55
2827,2574,313,9,317.94
2828,2603,1377,7,122.58
2829,1564,2111,2,959.08
2830,511,1181,1,137.30
2831,1644,1762,9,957.09
2832,62,2464,6,338.21
2833,879,1895,3,759.32
2834,2918,2780,3,385.23
2835,1232,826,7,904.68
2836,2524,1451,2,815.20
2837,1936,802,4,862.41
2838,213,2019,9,751.18
2839,554,2018,4,464.65
2840,2407,170,6,334.63
2841,681,68,7,516.44
2842,1202,2682,6,960.36
2843,1393,1402,7,606.42
2844,811,200,10,57.35
2845,3081,1159,6,690.17
2846,2151,911,7,511.92
2847,2770,550,8,766.28
2848,689,1611,5,938.62
2849,1940,2979,8,19.39
2850,1163,788,4,499.00
2851,2676,319,4,639.54
2852,20,2229,10,476.38
2853,2681,1439,2,122.29
2854,1558,501,10,715.69
2855,1502,1713,6,93.04
2856,315,23,9,37.78
2857,2754,1031,6,346.65
2858,1469,94,2,895.92
2859,1711,2527,5,163.57
2860,454,1717,7,997.28
2861,2430,2518,7,705.15
2862,2457,1192,2,814.16
2863,2128,3040,10,70.46
2864,1913,1714,8,875.77
2865,1237,882,9,993.60
2866,2148,660,1,762.85
2867,823,375,4,75.30
2868,1498,1401,9,763.73
2869,2994,2897,1,878.34
2870,868,2599,10,15.32
2871,38,542,7,60.12
2872,1611,3100,6,606.31
2873,1593,2723,10,686.93
2874,2721,2779,3,548.36
2875,2735,49,2,662.86
2876,2983,437,2,181.71
2877,796,821,6,313.49
2878,377,2120,1,792.36
2879,3099,1706,2,381.91
2880,949,2184,7,793.45
2881,1415,3070,4,91.78
2882,36,1177,7,475.64
2883,2407,1991,10,18.86
2884,2504,2222,5,628.70
2885,3090,1304,7,791.62
2886,402,2420,7,863.29
2887,2201,1130,4,224.93
2888,642,709,9,424.43
2889,2660,1899,5,72.40
2890,1399,1041,6,373.93
2891,2676,2412,3,895.48
2892,1087,835,7,880.26
2893,295,1802,7,855.35
2894,1928,2855,9,762.85
2895,2035,2871,6,954.10
2896,1936,1401,10,177.58
2897,1819,373,8,599.59
2898,369,2922,9,485.16
2899,2502,2340,10,862.95
2900,623,1812,6,839.79
2901,2955,1885,2,253.03
2902,2733,1976,10,652.08
2903,2974,2579,6,258.40
2904,387,1266,3,333.51
2905,1686,489,4,467.81
2906,1079,3004,7,215.76
2907,2074,167,4,234.92
2908,515,2450,1,214.77
2909,623,470,1,175.10
2910,703,808,1,687.74
2911,1423,1139,6,11.15
2912,72,2124,2,890.62
2913,2193,1212,2,375.53
2914,887,888,7,620.27
2915,3074,1423,4,561.17
2916,1269,2807,9,293.46
2917,2222,1559,8,472.15
2918,1296,1912,7,81.91
2919,1746,351,2,487.63
2920,206,76,10,40.45
2921,1908,452,10,999.55
2922,2987,1600,4,37.94
2923,91,1334,8,417.96
2924,640,447,2,710.35
2925,2889,918,3,146.46
2926,2367,2653,5,439.36
2927,906,1952,8,955.29
2928,1005,2836,8,85.36
2929,3097,1038,3,95.59
2930,1986,2134,7,367.27
2931,1966,2256,1,490.00
2932,2249,1104,1,807.00
2933,2707,1518,6,900.43
2934,659,344,10,91.54
2935,2410,931,9,984.10
2936,338,893,3,139.98
2937,1386,2260,9,894.95
2938,1758,2451,5,885.38
2939,2550,1964,8,894.24
2940,843,7,6,85.18
2941,2395,396,9,337.96
2942,1795,2816,1,399.75
2943,2939,531,9,124.02
2944,637,2466,5,329.54
2945,928,1042,6,558.24
2946,25,209,7,446.08
2947,1341,2112,3,980.54
2948,2145,2750,1,703.46
2949,368,3022,8,770.56
2950,545,1575,4,128.36
2951,1894,1596,2,826.87
2952,321,213,4,240.22
2953,1560,2045,8,562.20
2954,2493,2733,7,337.90
2955,2715,1216,2,367.68
2956,2005,2458,8,580.63
2957,739,920,6,718.37
2958,2129,2940,8,629.07
2959,1389,2936,2,965.79
2960,1810,1244,2,489.06
2961,1147,2688,5,399.39
2962,2419,2584,8,912.12
2963,1675,403,5,497.36
2964,2058,2899,3,645.46
2965,1130,967,5,908.10
2966,2811,2333,4,23.20
2967,2541,2399,7,655.28
2968,1660,1371,2,976.28
2969,784,1070,7,601.56
2970,10,1073,7,776.72
2971,1687,1394,10,331.49
2972,122,556,3,463.61
2973,2618,2607,1,417.39
2974,1588,1113,4,576.91
2975,1928,1169,8,811.91
2976,1241,3024,6,507.80
2977,2686,2547,4,980.25
2978,2063,3067,2,899.51
2979,232,3014,9,627.64
2980,1080,1000,6,945.10
2981,3010,1413,4,863.17
2982,194,686,1,196.08
2983,2911,474,5,880.15
2984,2648,1707,10,880.75
2985,163,1292,8,110.65
2986,1069,227,3,272.73
2987,1583,1733,6,161.05
2988,3047,2818,7,683.58
2989,2912,1446,7,950.75
2990,3023,2947,2,661.41
2991,2439,1271,1,800.84
2992,71,1669,7,150.85
2993,2053,407,3,567.16
2994,2876,1279,4,741.20
2995,2308,201,2,976.78
2996,2025,2625,8,822.67
2997,3045,1955,8,873.98
2998,416,144,8,751.24
2999,1994,1677,3,289.17
3000,838,1108,9,157.98
3001,1460,735,5,363.91
3002,2903,1322,2,170.96
3003,866,2277,6,715.22
3004,2121,929,5,24.06
3005,1432,2743,5,603.66
3006,1231,1262,8,114.29
3007,728,576,8,486.65
3008,2887,1622,3,740.89
3009,2255,1050,8,822.88
3010,547,2385,10,531.25
3011,413,2431,5,804.15
3012,2671,1302,5,70.73
3013,447,704,1,627.29
3014,2416,1561,9,529.75
3015,2590,2835,3,966.94
3016,2789,2685,6,82.01
3017,1349,2341,2,253.16
3018,2205,1742,8,502.22
3019,2354,3082,5,578.97
3020,1285,414,5,333.36
3021,1266,2728,9,77.38
3022,1848,2681,6,32.02
3023,1163,2077,3,937.32
3024,795,2179,7,60.42
3025,2097,645,1,759.74
3026,1411,1602,9,339.16
3027,1296,747,2,508.31
3028,2911,2090,6,166.90
3029,286,2784,3,441.42
3030,816,3082,3,104.82
3031,1309,2132,7,906.95
3032,1933,438,7,872.40
3033,1408,889,1,563.86
3034,515,1126,7,903.28
3035,2294,1937,9,290.21
3036,449,1732,7,709.92
3037,2779,1142,6,195.03
3038,910,468,5,58.76
3039,1113,2747,4,196.39
3040,2545,1219,9,698.66
3041,1504,848,7,555.95
3042,2300,484,3,500.12
3043,1774,2907,2,165.25
3044,2858,2115,1,881.51
3045,2955,1239,4,47.23
3046,2881,1680,6,802.58
3047,905,1184,8,289.93
3048,468,1312,7,211.69
3049,1015,2601,4,804.97
3050,578,3100,6,736.13
3051,445,2811,3,999.66
3052,2600,2393,1,312.70
3053,644,1717,10,635.96
3054,485,2629,3,642.63
3055,2391,1320,1,281.39
3056,2407,983,4,35.46
3057,522,954,10,653.78
3058,2654,2006,8,468.85
3059,3085,2852,2,79.61
3060,2711,1923,9,592.23
3061,988,933,7,744.30
3062,102,2992,4,847.61
3063,1760,2197,10,236.32
3064,3059,1103,2,275.37
3065,2260,700,5,625.81
3066,636,957,3,800.37
3067,590,1341,7,518.56
3068,2379,2154,8,204.66
3069,2543,853,10,508.91
3070,1571,20,3,350.52
3071,2580,2272,10,380.76
3072,226,1870,5,95.88
3073,1498,2150,2,318.31
3074,2296,1927,9,583.64
3075,2739,471,4,647.72
3076,1425,2039,10,977.09
3077,78,16,9,922.37
3078,2194,1163,7,679.32
3079,1551,351,1,500.77
3080,2630,2033,5,592.87
3081,2830,906,7,33.23
3082,220,614,10,413.70
3083,765,691,5,75.75
3084,1193,207,1,530.69
3085,228,1519,4,629.77
3086,2808,695,6,689.16
3087,3011,1105,10,934.40
3088,2605,1546,10,944.00
3089,1590,1375,5,115.58
3090,1483,2837,2,124.69
3091,809,2562,7,893.68
3092,2794,1632,9,744.10
3093,1227,2365,9,839.25
3094,2313,1922,6,15.60
3095,166,1202,9,829.68
3096,2865,806,2,514.48
3097,2196,1447,5,896.58
3098,2039,1003,9,741.71
3099,2315,405,5,812.73
3100,1926,1505,10,986.14
